행정구역(시군)별(1),산업대분류별(1),2015,2015.1,2015.2,2015.3,2015.4,2016,2016.1,2016.2,2016.3,2016.4,2017,2017.1,2017.2,2017.3,2017.4,2018,2018.1,2018.2,2018.3,2018.4,2019,2019.1,2019.2,2019.3,2019.4,2020,2020.1,2020.2,2020.3,2020.4,2021,2021.1,2021.2,2021.3,2021.4
행정구역(시군)별(1),산업대분류별(1),사업체수 (개),여성대표자사업체수 (개),종사자수 (명),남자종사자수 (명),여자종사자수 (명),사업체수 (개),여성대표자사업체수 (개),종사자수 (명),남자종사자수 (명),여자종사자수 (명),사업체수 (개),여성대표자사업체수 (개),종사자수 (명),남자종사자수 (명),여자종사자수 (명),사업체수 (개),여성대표자사업체수 (개),종사자수 (명),남자종사자수 (명),여자종사자수 (명),사업체수 (개),여성대표자사업체수 (개),종사자수 (명),남자종사자수 (명),여자종사자수 (명),사업체수 (개),여성대표자사업체수 (개),종사자수 (명),남자종사자수 (명),여자종사자수 (명),사업체수 (개),여성대표자사업체수 (개),종사자수 (명),남자종사자수 (명),여자종사자수 (명)
합계,계,262950,108516,1365599,826726,538873,268906,112243,1379047,823158,555889,274490,115594,1378742,813947,564795,281685,119044,1388302,808931,579371,286752,121164,1427443,828544,598899,387177,153330,1494560,882490,612070,392614,155061,1511931,882588,629343
합계,농업  임업 및 어업,315,-,3719,-,-,322,-,3768,-,-,336,-,3267,-,-,366,-,3282,-,-,395,-,3372,-,-,998,-,5680,-,-,1057,-,5833,-,-
합계,광업,92,-,726,-,-,94,-,789,-,-,89,-,828,-,-,85,-,712,-,-,87,-,756,-,-,117,-,703,-,-,111,-,730,-,-
합계,제조업,35153,-,440393,-,-,35257,-,429475,-,-,36668,-,423853,-,-,37048,-,409762,-,-,38352,-,412713,-,-,49208,-,413775,-,-,49462,-,406186,-,-
합계,"전기,가스,증기 및 공기조절 공급업",178,-,5537,-,-,195,-,5496,-,-,157,-,4169,-,-,203,-,4266,-,-,291,-,4535,-,-,4524,-,8931,-,-,5927,-,10479,-,-
합계,수도·하수 및 폐기물 처리 원료재생업,778,-,7533,-,-,726,-,7126,-,-,799,-,8593,-,-,869,-,9362,-,-,916,-,9736,-,-,1219,-,10531,-,-,1260,-,11100,-,-
합계,건설업,9560,-,79352,-,-,9782,-,86573,-,-,9973,-,85111,-,-,10157,-,82581,-,-,10495,-,86226,-,-,31268,-,114138,-,-,32433,-,107617,-,-
합계,도매 및 소매업,64061,-,168021,-,-,64613,-,168543,-,-,65162,-,169269,-,-,65898,-,170972,-,-,66322,-,176361,-,-,91671,-,184892,-,-,90075,-,185680,-,-
합계,운수 및 창고업,20297,-,57145,-,-,20668,-,58348,-,-,20856,-,58738,-,-,22229,-,60756,-,-,22275,-,61741,-,-,34418,-,71495,-,-,35988,-,80884,-,-
합계,숙박 및 음식점업,56458,-,141297,-,-,58182,-,146338,-,-,59762,-,147783,-,-,61806,-,153097,-,-,62642,-,158258,-,-,68183,-,139158,-,-,68765,-,140508,-,-
합계,정보통신업,1114,-,10301,-,-,1124,-,9955,-,-,1163,-,10074,-,-,1164,-,10051,-,-,1250,-,10508,-,-,2303,-,12261,-,-,2494,-,12487,-,-
합계,금융 및 보험업,2738,-,37100,-,-,2767,-,37077,-,-,2849,-,37333,-,-,2827,-,34811,-,-,2790,-,35528,-,-,3297,-,34682,-,-,3349,-,35290,-,-
합계,부동산업,8599,-,27097,-,-,9541,-,29733,-,-,9130,-,27166,-,-,9275,-,27267,-,-,9254,-,27963,-,-,13613,-,32320,-,-,13675,-,34340,-,-
합계,전문  과학 및 기술 서비스업,4726,-,34762,-,-,4787,-,33933,-,-,4793,-,32796,-,-,5183,-,33589,-,-,5563,-,36114,-,-,9213,-,42961,-,-,9180,-,42846,-,-
합계,"사업시설관리, 사업지원 및 임대 서비스업",2735,-,39021,-,-,2835,-,38955,-,-,3857,-,40333,-,-,4089,-,41238,-,-,4385,-,41868,-,-,9045,-,44898,-,-,8395,-,44220,-,-
합계,공공행정  국방 및 사회보장 행정,1066,-,45616,-,-,1066,-,45698,-,-,1060,-,45350,-,-,1058,-,48323,-,-,1067,-,50422,-,-,1056,-,57130,-,-,1061,-,59843,-,-
합계,교육 서비스업,12399,-,92098,-,-,12691,-,90942,-,-,13085,-,93514,-,-,13372,-,96088,-,-,13659,-,99419,-,-,16036,-,98206,-,-,17005,-,100290,-,-
합계,보건업 및 사회복지 서비스업,8578,-,94671,-,-,8915,-,101844,-,-,9340,-,112981,-,-,9498,-,121835,-,-,9627,-,128395,-,-,9860,-,142572,-,-,10159,-,151573,-,-
합계,예술  스포츠 및 여가관련 서비스업,6183,-,21009,-,-,6845,-,22846,-,-,7360,-,23442,-,-,7492,-,24650,-,-,7555,-,26122,-,-,7963,-,22653,-,-,8072,-,23322,-,-
합계,협회 및 단체  수리  및 기타 개인 서비스업,27920,-,60201,-,-,28496,-,61608,-,-,28051,-,54142,-,-,29066,-,55660,-,-,29827,-,57406,-,-,33185,-,57574,-,-,34146,-,58703,-,-
창원시,계,83187,34190,439499,262804,176695,84991,35189,448225,265400,182825,85745,35794,450741,265533,185208,86694,36564,449870,262300,187570,86643,36581,452114,262008,190106,114518,45891,468586,276598,191988,114965,17056,469009,274257,194752
창원시,농업  임업 및 어업,25,-,291,-,-,21,-,303,-,-,19,-,245,-,-,19,-,143,-,-,18,-,136,-,-,52,-,205,-,-,57,-,180,-,-
창원시,광업,10,-,82,-,-,9,-,79,-,-,12,-,81,-,-,13,-,81,-,-,15,-,85,-,-,12,-,57,-,-,12,-,61,-,-
창원시,제조업,9923,-,131729,-,-,9956,-,131460,-,-,10128,-,131305,-,-,10137,-,128222,-,-,10274,-,126562,-,-,13625,-,130061,-,-,13611,-,127736,-,-
창원시,"전기,가스,증기 및 공기조절 공급업",18,-,989,-,-,25,-,1058,-,-,19,-,735,-,-,25,-,703,-,-,37,-,779,-,-,238,-,1063,-,-,223,-,1074,-,-
창원시,수도·하수 및 폐기물 처리 원료재생업,148,-,1659,-,-,134,-,1645,-,-,147,-,1927,-,-,142,-,1958,-,-,152,-,1942,-,-,212,-,2063,-,-,214,-,2231,-,-
창원시,건설업,3051,-,21906,-,-,3132,-,25421,-,-,3176,-,27031,-,-,3135,-,24233,-,-,3133,-,23205,-,-,8064,-,29620,-,-,8238,-,27681,-,-
창원시,도매 및 소매업,20691,-,56340,-,-,20609,-,56076,-,-,20769,-,56154,-,-,20912,-,56262,-,-,20627,-,57033,-,-,28783,-,58856,-,-,27806,-,58344,-,-
창원시,운수 및 창고업,6822,-,19915,-,-,7054,-,20252,-,-,6916,-,20036,-,-,6945,-,20339,-,-,6697,-,20176,-,-,9363,-,22595,-,-,10073,-,25715,-,-
창원시,숙박 및 음식점업,17084,-,44584,-,-,17593,-,46360,-,-,17820,-,46593,-,-,18130,-,47171,-,-,18143,-,47466,-,-,19957,-,41433,-,-,19922,-,41523,-,-
창원시,정보통신업,408,-,4217,-,-,424,-,4066,-,-,449,-,4029,-,-,442,-,4107,-,-,463,-,4445,-,-,872,-,5063,-,-,953,-,5196,-,-
창원시,금융 및 보험업,979,-,15123,-,-,988,-,15442,-,-,1018,-,15309,-,-,1005,-,13967,-,-,981,-,14606,-,-,1193,-,13797,-,-,1220,-,14133,-,-
창원시,부동산업,3078,-,10629,-,-,3334,-,11586,-,-,3144,-,10654,-,-,3081,-,10436,-,-,3127,-,10517,-,-,4504,-,11366,-,-,4475,-,12393,-,-
창원시,전문  과학 및 기술 서비스업,1810,-,12627,-,-,1865,-,12005,-,-,1813,-,11959,-,-,1951,-,11736,-,-,2023,-,12866,-,-,3190,-,15980,-,-,3193,-,15143,-,-
창원시,"사업시설관리, 사업지원 및 임대 서비스업",1125,-,20944,-,-,1139,-,21200,-,-,1411,-,21423,-,-,1439,-,22077,-,-,1443,-,20418,-,-,2849,-,21030,-,-,2710,-,20230,-,-
창원시,공공행정  국방 및 사회보장 행정,221,-,12456,-,-,223,-,12388,-,-,224,-,13265,-,-,224,-,13692,-,-,224,-,13864,-,-,225,-,17428,-,-,230,-,15979,-,-
창원시,교육 서비스업,4093,-,29679,-,-,4251,-,28950,-,-,4329,-,29297,-,-,4397,-,30720,-,-,4460,-,31835,-,-,5197,-,31040,-,-,5574,-,31359,-,-
창원시,보건업 및 사회복지 서비스업,2694,-,29732,-,-,2830,-,32482,-,-,2912,-,35449,-,-,2960,-,38131,-,-,2985,-,39400,-,-,3041,-,41746,-,-,3143,-,44308,-,-
창원시,예술  스포츠 및 여가관련 서비스업,2115,-,6464,-,-,2305,-,6902,-,-,2459,-,7164,-,-,2437,-,7458,-,-,2411,-,8173,-,-,2583,-,6912,-,-,2557,-,6704,-,-
창원시,협회 및 단체  수리  및 기타 개인 서비스업,8892,-,20133,-,-,9099,-,20550,-,-,8980,-,18085,-,-,9300,-,18434,-,-,9430,-,18606,-,-,10558,-,18271,-,-,10754,-,19019,-,-
진주시,계,28055,12107,126287,68667,57620,29074,12719,131027,69953,61074,30035,13156,133992,70767,63225,30859,13640,137027,72160,64867,31696,13987,142414,74806,67608,40850,16942,141801,75676,66125,41268,6459,151143,80470,70673
진주시,농업  임업 및 어업,50,-,769,-,-,47,-,745,-,-,54,-,585,-,-,59,-,621,-,-,59,-,553,-,-,112,-,762,-,-,119,-,869,-,-
진주시,광업,3,-,17,-,-,3,-,20,-,-,3,-,20,-,-,1,-,X,-,-,1,-,X,-,-,3,-,8,-,-,3,-,8,-,-
진주시,제조업,2564,-,15310,-,-,2543,-,15270,-,-,2669,-,15516,-,-,2619,-,15288,-,-,2710,-,15434,-,-,3152,-,15522,-,-,3198,-,15777,-,-
진주시,"전기,가스,증기 및 공기조절 공급업",16,-,779,-,-,20,-,694,-,-,17,-,549,-,-,18,-,556,-,-,33,-,626,-,-,307,-,912,-,-,413,-,1050,-,-
진주시,수도·하수 및 폐기물 처리 원료재생업,49,-,678,-,-,48,-,606,-,-,52,-,738,-,-,54,-,788,-,-,54,-,828,-,-,68,-,841,-,-,66,-,857,-,-
진주시,건설업,1112,-,9889,-,-,1143,-,10156,-,-,1180,-,10695,-,-,1224,-,11314,-,-,1312,-,12128,-,-,4057,-,12925,-,-,4235,-,14608,-,-
진주시,도매 및 소매업,7402,-,19533,-,-,7717,-,20346,-,-,7893,-,20526,-,-,7953,-,20271,-,-,8004,-,20786,-,-,10357,-,20559,-,-,10122,-,20769,-,-
진주시,운수 및 창고업,2227,-,6867,-,-,2261,-,6851,-,-,2310,-,7126,-,-,2457,-,7320,-,-,2504,-,7128,-,-,3612,-,7578,-,-,3900,-,7898,-,-
진주시,숙박 및 음식점업,5768,-,14884,-,-,6073,-,15885,-,-,6261,-,16357,-,-,6483,-,16716,-,-,6629,-,17273,-,-,7056,-,14383,-,-,7056,-,14767,-,-
진주시,정보통신업,124,-,1553,-,-,120,-,1509,-,-,129,-,1589,-,-,135,-,1450,-,-,182,-,1707,-,-,308,-,1925,-,-,312,-,1760,-,-
진주시,금융 및 보험업,371,-,4782,-,-,379,-,4729,-,-,395,-,5063,-,-,375,-,4279,-,-,366,-,4396,-,-,446,-,3963,-,-,456,-,4201,-,-
진주시,부동산업,889,-,4763,-,-,1038,-,4997,-,-,1018,-,4903,-,-,1082,-,5150,-,-,1084,-,5801,-,-,1496,-,6102,-,-,1428,-,6414,-,-
진주시,전문  과학 및 기술 서비스업,571,-,3867,-,-,567,-,4844,-,-,605,-,5059,-,-,660,-,5496,-,-,784,-,6135,-,-,1043,-,6414,-,-,1070,-,7507,-,-
진주시,"사업시설관리, 사업지원 및 임대 서비스업",317,-,2869,-,-,338,-,2978,-,-,469,-,3121,-,-,488,-,2852,-,-,528,-,3236,-,-,778,-,2757,-,-,786,-,3899,-,-
진주시,공공행정  국방 및 사회보장 행정,97,-,5620,-,-,94,-,5504,-,-,90,-,5495,-,-,90,-,6054,-,-,93,-,6334,-,-,92,-,6921,-,-,93,-,8841,-,-
진주시,교육 서비스업,1606,-,12981,-,-,1634,-,13245,-,-,1693,-,13735,-,-,1761,-,14032,-,-,1798,-,13735,-,-,2009,-,13602,-,-,2083,-,13998,-,-
진주시,보건업 및 사회복지 서비스업,907,-,11414,-,-,943,-,12447,-,-,1027,-,14155,-,-,1040,-,15799,-,-,1073,-,16833,-,-,1107,-,17981,-,-,1137,-,18996,-,-
진주시,예술  스포츠 및 여가관련 서비스업,788,-,1948,-,-,849,-,2287,-,-,928,-,2298,-,-,977,-,2450,-,-,984,-,2581,-,-,1002,-,2098,-,-,975,-,2146,-,-
진주시,협회 및 단체  수리  및 기타 개인 서비스업,3194,-,7764,-,-,3257,-,7914,-,-,3242,-,6462,-,-,3383,-,6590,-,-,3498,-,6890,-,-,3845,-,6548,-,-,3816,-,6778,-,-
통영시,계,11034,4897,47995,27518,20477,11147,5005,44692,24874,19818,11345,5223,44050,23753,20297,11799,5341,41995,21224,20771,11975,5433,43550,21673,21877,14831,6480,45106,23450,21656,15052,5789,47173,24483,22690
통영시,농업  임업 및 어업,2,-,69,-,-,2,-,X,-,-,0,-,0,-,-,1,-,X,-,-,2,-,X,-,-,20,-,201,-,-,20,-,150,-,-
통영시,광업,1,-,7,-,-,1,-,X,-,-,1,-,X,-,-,1,-,X,-,-,1,-,X,-,-,1,-,1,-,-,2,-,9,-,-
통영시,제조업,455,-,11360,-,-,458,-,7761,-,-,601,-,6362,-,-,601,-,4056,-,-,624,-,3778,-,-,750,-,4179,-,-,772,-,4289,-,-
통영시,"전기,가스,증기 및 공기조절 공급업",13,-,315,-,-,13,-,295,-,-,11,-,295,-,-,11,-,324,-,-,12,-,356,-,-,57,-,387,-,-,61,-,397,-,-
통영시,수도·하수 및 폐기물 처리 원료재생업,24,-,250,-,-,26,-,246,-,-,26,-,320,-,-,25,-,306,-,-,26,-,320,-,-,41,-,391,-,-,45,-,385,-,-
통영시,건설업,299,-,1542,-,-,308,-,2429,-,-,336,-,2526,-,-,355,-,1939,-,-,364,-,2336,-,-,914,-,2824,-,-,970,-,2856,-,-
통영시,도매 및 소매업,3052,-,7585,-,-,2999,-,7000,-,-,3030,-,7138,-,-,3104,-,7353,-,-,3103,-,7489,-,-,4267,-,8042,-,-,4123,-,7993,-,-
통영시,운수 및 창고업,827,-,1970,-,-,823,-,1955,-,-,772,-,1947,-,-,902,-,2038,-,-,935,-,2125,-,-,974,-,2145,-,-,1100,-,2355,-,-
통영시,숙박 및 음식점업,3193,-,7410,-,-,3242,-,7219,-,-,3359,-,7429,-,-,3499,-,7648,-,-,3555,-,7908,-,-,3818,-,7021,-,-,3850,-,7042,-,-
통영시,정보통신업,39,-,318,-,-,39,-,313,-,-,40,-,361,-,-,43,-,362,-,-,40,-,313,-,-,71,-,343,-,-,71,-,339,-,-
통영시,금융 및 보험업,150,-,2180,-,-,155,-,2077,-,-,164,-,2121,-,-,163,-,1992,-,-,162,-,2002,-,-,186,-,2023,-,-,187,-,2072,-,-
통영시,부동산업,342,-,960,-,-,358,-,1128,-,-,318,-,932,-,-,330,-,924,-,-,328,-,860,-,-,418,-,1006,-,-,422,-,1102,-,-
통영시,전문  과학 및 기술 서비스업,144,-,907,-,-,141,-,813,-,-,145,-,729,-,-,165,-,795,-,-,178,-,852,-,-,284,-,985,-,-,297,-,1037,-,-
통영시,"사업시설관리, 사업지원 및 임대 서비스업",98,-,670,-,-,101,-,697,-,-,154,-,923,-,-,163,-,839,-,-,165,-,1078,-,-,301,-,1040,-,-,304,-,1072,-,-
통영시,공공행정  국방 및 사회보장 행정,64,-,2356,-,-,62,-,2497,-,-,63,-,2577,-,-,65,-,2755,-,-,64,-,2985,-,-,64,-,2940,-,-,66,-,4107,-,-
통영시,교육 서비스업,430,-,3199,-,-,434,-,2988,-,-,458,-,3333,-,-,472,-,3373,-,-,493,-,3585,-,-,579,-,3360,-,-,614,-,3583,-,-
통영시,보건업 및 사회복지 서비스업,345,-,3551,-,-,354,-,3782,-,-,369,-,4109,-,-,370,-,4253,-,-,366,-,4505,-,-,364,-,5053,-,-,367,-,5188,-,-
통영시,예술  스포츠 및 여가관련 서비스업,293,-,776,-,-,367,-,977,-,-,330,-,901,-,-,334,-,947,-,-,335,-,978,-,-,341,-,922,-,-,355,-,940,-,-
통영시,협회 및 단체  수리  및 기타 개인 서비스업,1263,-,2570,-,-,1264,-,2440,-,-,1168,-,2031,-,-,1195,-,2081,-,-,1222,-,2058,-,-,1381,-,2243,-,-,1426,-,2257,-,-
사천시,계,9591,4318,50465,31597,18868,9742,4412,49798,30409,19389,9944,4536,49606,30131,19475,10315,4720,52591,31737,20854,10478,4789,54422,32722,21700,13146,5659,55925,34491,21434,13520,25242,56653,34145,22508
사천시,농업  임업 및 어업,19,-,297,-,-,19,-,215,-,-,20,-,206,-,-,20,-,237,-,-,22,-,163,-,-,50,-,257,-,-,57,-,283,-,-
사천시,광업,1,-,16,-,-,1,-,X,-,-,1,-,X,-,-,1,-,X,-,-,2,-,X,-,-,1,-,19,-,-,1,-,14,-,-
사천시,제조업,930,-,18936,-,-,903,-,17442,-,-,990,-,16886,-,-,1009,-,17624,-,-,1038,-,18123,-,-,1191,-,18194,-,-,1200,-,18027,-,-
사천시,"전기,가스,증기 및 공기조절 공급업",7,-,195,-,-,7,-,201,-,-,4,-,127,-,-,6,-,138,-,-,10,-,148,-,-,287,-,425,-,-,366,-,487,-,-
사천시,수도·하수 및 폐기물 처리 원료재생업,42,-,395,-,-,37,-,360,-,-,41,-,398,-,-,46,-,442,-,-,44,-,440,-,-,55,-,508,-,-,59,-,493,-,-
사천시,건설업,360,-,2551,-,-,388,-,3045,-,-,383,-,3005,-,-,397,-,3410,-,-,390,-,3211,-,-,1023,-,4670,-,-,1068,-,4448,-,-
사천시,도매 및 소매업,2785,-,6457,-,-,2833,-,6588,-,-,2832,-,6575,-,-,2863,-,6834,-,-,2898,-,7270,-,-,3600,-,7338,-,-,3595,-,7195,-,-
사천시,운수 및 창고업,664,-,1810,-,-,647,-,1899,-,-,616,-,1843,-,-,681,-,1899,-,-,690,-,1923,-,-,942,-,2070,-,-,984,-,2347,-,-
사천시,숙박 및 음식점업,2156,-,5276,-,-,2175,-,5302,-,-,2258,-,5607,-,-,2365,-,6050,-,-,2366,-,6483,-,-,2578,-,5596,-,-,2631,-,5908,-,-
사천시,정보통신업,36,-,336,-,-,33,-,362,-,-,32,-,375,-,-,27,-,339,-,-,31,-,348,-,-,55,-,407,-,-,69,-,467,-,-
사천시,금융 및 보험업,94,-,1170,-,-,92,-,1089,-,-,95,-,1072,-,-,96,-,1037,-,-,95,-,1051,-,-,107,-,970,-,-,107,-,938,-,-
사천시,부동산업,250,-,574,-,-,294,-,764,-,-,300,-,697,-,-,337,-,766,-,-,340,-,768,-,-,427,-,884,-,-,434,-,896,-,-
사천시,전문  과학 및 기술 서비스업,127,-,675,-,-,133,-,674,-,-,140,-,719,-,-,153,-,753,-,-,161,-,707,-,-,215,-,824,-,-,234,-,824,-,-
사천시,"사업시설관리, 사업지원 및 임대 서비스업",78,-,428,-,-,82,-,374,-,-,131,-,608,-,-,153,-,763,-,-,159,-,836,-,-,229,-,792,-,-,225,-,753,-,-
사천시,공공행정  국방 및 사회보장 행정,48,-,1728,-,-,49,-,1649,-,-,49,-,1588,-,-,49,-,1946,-,-,48,-,2034,-,-,47,-,2039,-,-,48,-,1917,-,-
사천시,교육 서비스업,377,-,2823,-,-,395,-,2830,-,-,404,-,2779,-,-,412,-,2733,-,-,431,-,3005,-,-,474,-,2824,-,-,501,-,2855,-,-
사천시,보건업 및 사회복지 서비스업,307,-,3767,-,-,320,-,3968,-,-,350,-,4234,-,-,345,-,4458,-,-,348,-,4590,-,-,365,-,5031,-,-,379,-,5654,-,-
사천시,예술  스포츠 및 여가관련 서비스업,185,-,696,-,-,199,-,759,-,-,227,-,849,-,-,234,-,1006,-,-,245,-,1027,-,-,242,-,901,-,-,257,-,918,-,-
사천시,협회 및 단체  수리  및 기타 개인 서비스업,1125,-,2335,-,-,1135,-,2261,-,-,1071,-,2020,-,-,1121,-,2141,-,-,1160,-,2276,-,-,1258,-,2176,-,-,1305,-,2229,-,-
김해시,계,43387,16332,223790,135259,88531,44218,17056,224543,133947,90596,45057,17608,225875,133530,92345,46488,18073,229441,135258,94183,47914,18687,236717,138333,98384,66649,24624,251446,149202,102244,67905,5097,255401,150403,104998
김해시,농업  임업 및 어업,14,-,127,-,-,14,-,146,-,-,15,-,90,-,-,23,-,263,-,-,22,-,305,-,-,48,-,330,-,-,47,-,354,-,-
김해시,광업,11,-,126,-,-,13,-,170,-,-,12,-,202,-,-,11,-,170,-,-,13,-,194,-,-,13,-,163,-,-,11,-,148,-,-
김해시,제조업,9992,-,94847,-,-,10051,-,93282,-,-,10052,-,92058,-,-,10146,-,91274,-,-,10593,-,91488,-,-,13968,-,92477,-,-,14094,-,91324,-,-
김해시,"전기,가스,증기 및 공기조절 공급업",17,-,637,-,-,15,-,642,-,-,14,-,272,-,-,22,-,296,-,-,34,-,347,-,-,171,-,484,-,-,183,-,520,-,-
김해시,수도·하수 및 폐기물 처리 원료재생업,195,-,1423,-,-,168,-,1434,-,-,183,-,1761,-,-,224,-,2142,-,-,240,-,2156,-,-,333,-,2391,-,-,342,-,2478,-,-
김해시,건설업,1227,-,8717,-,-,1236,-,8579,-,-,1287,-,8886,-,-,1336,-,9429,-,-,1377,-,10408,-,-,4853,-,14533,-,-,5076,-,15853,-,-
김해시,도매 및 소매업,9800,-,28389,-,-,10213,-,29120,-,-,10338,-,29451,-,-,10455,-,29858,-,-,10702,-,30887,-,-,15911,-,33523,-,-,15933,-,34315,-,-
김해시,운수 및 창고업,3696,-,8209,-,-,3472,-,8206,-,-,3494,-,8733,-,-,3956,-,8940,-,-,3950,-,9498,-,-,5402,-,10425,-,-,5766,-,11767,-,-
김해시,숙박 및 음식점업,7281,-,20017,-,-,7425,-,20756,-,-,7679,-,20495,-,-,7994,-,21702,-,-,8273,-,22770,-,-,9225,-,20016,-,-,9272,-,20306,-,-
김해시,정보통신업,112,-,1233,-,-,107,-,1188,-,-,105,-,1132,-,-,114,-,1286,-,-,122,-,1278,-,-,347,-,1742,-,-,378,-,1839,-,-
김해시,금융 및 보험업,289,-,3862,-,-,292,-,3759,-,-,305,-,3846,-,-,308,-,3733,-,-,322,-,3978,-,-,401,-,4247,-,-,410,-,4450,-,-
김해시,부동산업,1504,-,3732,-,-,1681,-,3914,-,-,1605,-,3541,-,-,1606,-,3425,-,-,1620,-,3649,-,-,2695,-,4739,-,-,2775,-,4942,-,-
김해시,전문  과학 및 기술 서비스업,698,-,4058,-,-,723,-,4086,-,-,736,-,4115,-,-,803,-,4573,-,-,862,-,4775,-,-,1455,-,5736,-,-,1483,-,5961,-,-
김해시,"사업시설관리, 사업지원 및 임대 서비스업",332,-,4726,-,-,363,-,4375,-,-,537,-,5163,-,-,577,-,4550,-,-,639,-,4845,-,-,1449,-,5154,-,-,1353,-,5531,-,-
김해시,공공행정  국방 및 사회보장 행정,70,-,3772,-,-,71,-,3776,-,-,70,-,3848,-,-,69,-,3987,-,-,70,-,4253,-,-,70,-,4759,-,-,70,-,4698,-,-
김해시,교육 서비스업,2160,-,15220,-,-,2163,-,14730,-,-,2250,-,15035,-,-,2261,-,15022,-,-,2318,-,15805,-,-,2865,-,16484,-,-,3076,-,16257,-,-
김해시,보건업 및 사회복지 서비스업,1367,-,13229,-,-,1380,-,14164,-,-,1415,-,15525,-,-,1404,-,16563,-,-,1389,-,17424,-,-,1411,-,21855,-,-,1443,-,22295,-,-
김해시,예술  스포츠 및 여가관련 서비스업,926,-,3744,-,-,1052,-,4120,-,-,1150,-,4226,-,-,1178,-,4260,-,-,1210,-,4453,-,-,1302,-,3913,-,-,1321,-,3963,-,-
김해시,협회 및 단체  수리  및 기타 개인 서비스업,3696,-,7722,-,-,3779,-,8096,-,-,3810,-,7496,-,-,4001,-,7968,-,-,4158,-,8204,-,-,4730,-,8475,-,-,4872,-,8400,-,-
밀양시,계,8966,3669,36162,21085,15077,8927,3713,36494,21062,15432,9085,3803,36170,20862,15308,9415,3881,37682,21524,16158,9481,3939,38947,22159,16788,13462,4973,43325,25525,17800,13979,9702,46420,27583,18837
밀양시,농업  임업 및 어업,21,-,232,-,-,22,-,280,-,-,21,-,224,-,-,19,-,176,-,-,19,-,159,-,-,82,-,379,-,-,86,-,398,-,-
밀양시,광업,3,-,4,-,-,2,-,X,-,-,1,-,X,-,-,1,-,X,-,-,1,-,X,-,-,8,-,19,-,-,8,-,19,-,-
밀양시,제조업,966,-,8777,-,-,948,-,8957,-,-,989,-,8783,-,-,1000,-,8980,-,-,1015,-,9438,-,-,1164,-,9592,-,-,1223,-,9605,-,-
밀양시,"전기,가스,증기 및 공기조절 공급업",14,-,198,-,-,13,-,181,-,-,10,-,137,-,-,12,-,141,-,-,14,-,155,-,-,293,-,424,-,-,384,-,509,-,-
밀양시,수도·하수 및 폐기물 처리 원료재생업,36,-,300,-,-,33,-,179,-,-,38,-,284,-,-,41,-,311,-,-,36,-,284,-,-,55,-,397,-,-,54,-,443,-,-
밀양시,건설업,392,-,2269,-,-,374,-,2386,-,-,380,-,2433,-,-,392,-,2478,-,-,404,-,2489,-,-,1334,-,3788,-,-,1449,-,3566,-,-
밀양시,도매 및 소매업,2268,-,5332,-,-,2200,-,5213,-,-,2149,-,5092,-,-,2203,-,5411,-,-,2239,-,5513,-,-,2908,-,5807,-,-,2915,-,6027,-,-
밀양시,운수 및 창고업,694,-,1646,-,-,677,-,1574,-,-,779,-,1633,-,-,849,-,1866,-,-,767,-,2018,-,-,2229,-,3339,-,-,2238,-,5101,-,-
밀양시,숙박 및 음식점업,1967,-,3913,-,-,2011,-,4025,-,-,2061,-,4061,-,-,2163,-,4339,-,-,2240,-,4586,-,-,2333,-,4298,-,-,2440,-,4462,-,-
밀양시,정보통신업,37,-,255,-,-,40,-,259,-,-,36,-,249,-,-,39,-,261,-,-,35,-,248,-,-,47,-,242,-,-,52,-,226,-,-
밀양시,금융 및 보험업,88,-,863,-,-,96,-,1063,-,-,96,-,1067,-,-,97,-,1034,-,-,95,-,1016,-,-,111,-,1024,-,-,105,-,1009,-,-
밀양시,부동산업,237,-,498,-,-,287,-,635,-,-,287,-,590,-,-,302,-,613,-,-,305,-,613,-,-,374,-,676,-,-,378,-,708,-,-
밀양시,전문  과학 및 기술 서비스업,146,-,977,-,-,135,-,850,-,-,147,-,942,-,-,157,-,889,-,-,160,-,1014,-,-,211,-,1095,-,-,215,-,1154,-,-
밀양시,"사업시설관리, 사업지원 및 임대 서비스업",68,-,607,-,-,76,-,525,-,-,92,-,490,-,-,113,-,630,-,-,121,-,660,-,-,161,-,630,-,-,166,-,539,-,-
밀양시,공공행정  국방 및 사회보장 행정,51,-,2219,-,-,50,-,2149,-,-,50,-,2018,-,-,51,-,2137,-,-,51,-,2072,-,-,51,-,2243,-,-,51,-,2427,-,-
밀양시,교육 서비스업,337,-,2298,-,-,325,-,2328,-,-,323,-,2172,-,-,336,-,2161,-,-,349,-,2303,-,-,377,-,2306,-,-,401,-,2423,-,-
밀양시,보건업 및 사회복지 서비스업,294,-,3266,-,-,299,-,3348,-,-,314,-,3680,-,-,309,-,3895,-,-,301,-,3945,-,-,311,-,4619,-,-,333,-,5211,-,-
밀양시,예술  스포츠 및 여가관련 서비스업,167,-,428,-,-,182,-,482,-,-,190,-,484,-,-,192,-,515,-,-,189,-,544,-,-,209,-,585,-,-,224,-,721,-,-
밀양시,협회 및 단체  수리  및 기타 개인 서비스업,1180,-,2080,-,-,1157,-,2057,-,-,1122,-,1830,-,-,1139,-,1844,-,-,1140,-,1887,-,-,1204,-,1862,-,-,1257,-,1872,-,-
거제시,계,15326,7240,136011,97121,38890,15649,7511,130703,91213,39490,15765,7703,118008,80643,37365,16126,7965,108897,71180,37717,16408,8041,114948,76281,38667,22180,10012,109777,72172,37605,21513,15720,104753,67169,37584
거제시,농업  임업 및 어업,2,-,17,-,-,4,-,20,-,-,3,-,4,-,-,1,-,X,-,-,6,-,23,-,-,17,-,188,-,-,16,-,167,-,-
거제시,광업,1,-,22,-,-,1,-,X,-,-,1,-,X,-,-,1,-,X,-,-,2,-,X,-,-,4,-,18,-,-,5,-,28,-,-
거제시,제조업,807,-,59799,-,-,824,-,54454,-,-,853,-,50680,-,-,758,-,41616,-,-,855,-,43953,-,-,1153,-,39598,-,-,1174,-,36074,-,-
거제시,"전기,가스,증기 및 공기조절 공급업",6,-,158,-,-,6,-,151,-,-,2,-,X,-,-,2,-,X,-,-,3,-,66,-,-,64,-,127,-,-,84,-,162,-,-
거제시,수도·하수 및 폐기물 처리 원료재생업,27,-,503,-,-,28,-,469,-,-,31,-,655,-,-,34,-,698,-,-,41,-,815,-,-,51,-,781,-,-,46,-,796,-,-
거제시,건설업,507,-,15282,-,-,511,-,16048,-,-,489,-,10883,-,-,487,-,9123,-,-,526,-,10723,-,-,1524,-,9417,-,-,1435,-,8104,-,-
거제시,도매 및 소매업,3418,-,9007,-,-,3405,-,8756,-,-,3444,-,8678,-,-,3432,-,8518,-,-,3445,-,8635,-,-,4795,-,8949,-,-,4577,-,8970,-,-
거제시,운수 및 창고업,850,-,2773,-,-,876,-,2959,-,-,872,-,2835,-,-,980,-,2858,-,-,999,-,2791,-,-,1032,-,2748,-,-,1155,-,3027,-,-
거제시,숙박 및 음식점업,4858,-,13001,-,-,5062,-,13254,-,-,5131,-,12697,-,-,5292,-,13154,-,-,5314,-,13519,-,-,5821,-,11678,-,-,5752,-,11273,-,-
거제시,정보통신업,55,-,532,-,-,52,-,424,-,-,54,-,465,-,-,51,-,474,-,-,54,-,420,-,-,99,-,618,-,-,108,-,677,-,-
거제시,금융 및 보험업,153,-,2284,-,-,156,-,2267,-,-,160,-,2238,-,-,163,-,2306,-,-,149,-,2181,-,-,177,-,2075,-,-,170,-,2086,-,-
거제시,부동산업,568,-,1844,-,-,590,-,1999,-,-,533,-,1763,-,-,560,-,1920,-,-,529,-,1833,-,-,845,-,2187,-,-,841,-,2241,-,-
거제시,전문  과학 및 기술 서비스업,382,-,7433,-,-,331,-,6518,-,-,291,-,4984,-,-,322,-,4914,-,-,345,-,5021,-,-,1181,-,5573,-,-,967,-,4547,-,-
거제시,"사업시설관리, 사업지원 및 임대 서비스업",201,-,4059,-,-,194,-,3715,-,-,237,-,2728,-,-,246,-,2903,-,-,336,-,4103,-,-,1159,-,4512,-,-,915,-,4020,-,-
거제시,공공행정  국방 및 사회보장 행정,66,-,2611,-,-,66,-,2737,-,-,65,-,2146,-,-,64,-,2195,-,-,64,-,2333,-,-,65,-,2631,-,-,64,-,3010,-,-
거제시,교육 서비스업,838,-,6437,-,-,845,-,6268,-,-,868,-,6482,-,-,893,-,6794,-,-,899,-,6981,-,-,1125,-,6997,-,-,1154,-,7427,-,-
거제시,보건업 및 사회복지 서비스업,544,-,5733,-,-,558,-,5814,-,-,568,-,6274,-,-,597,-,6733,-,-,591,-,6929,-,-,600,-,7379,-,-,602,-,7947,-,-
거제시,예술  스포츠 및 여가관련 서비스업,453,-,1245,-,-,507,-,1497,-,-,525,-,1417,-,-,538,-,1538,-,-,541,-,1494,-,-,547,-,1283,-,-,566,-,1325,-,-
거제시,협회 및 단체  수리  및 기타 개인 서비스업,1590,-,3271,-,-,1633,-,3323,-,-,1638,-,2981,-,-,1705,-,3059,-,-,1709,-,3101,-,-,1921,-,3018,-,-,1882,-,2872,-,-
양산시,계,21904,8802,127390,76280,51110,23570,9568,131774,77937,53837,24979,10310,136270,79627,56643,26443,10916,142418,82404,60014,27426,11298,146324,84337,61987,41440,15567,159508,92656,66852,41370,46085,164808,95603,69205
양산시,농업  임업 및 어업,8,-,68,-,-,7,-,88,-,-,14,-,116,-,-,11,-,97,-,-,13,-,91,-,-,27,-,147,-,-,34,-,170,-,-
양산시,광업,8,-,109,-,-,9,-,107,-,-,6,-,87,-,-,6,-,70,-,-,4,-,44,-,-,5,-,26,-,-,5,-,33,-,-
양산시,제조업,3649,-,50399,-,-,3696,-,50416,-,-,3912,-,50113,-,-,4127,-,50875,-,-,4373,-,51098,-,-,5697,-,52185,-,-,5631,-,51668,-,-
양산시,"전기,가스,증기 및 공기조절 공급업",16,-,244,-,-,17,-,274,-,-,10,-,181,-,-,10,-,183,-,-,12,-,184,-,-,74,-,294,-,-,76,-,274,-,-
양산시,수도·하수 및 폐기물 처리 원료재생업,103,-,998,-,-,98,-,922,-,-,99,-,931,-,-,105,-,1055,-,-,115,-,1195,-,-,149,-,1235,-,-,171,-,1295,-,-
양산시,건설업,738,-,4924,-,-,787,-,5067,-,-,808,-,6107,-,-,818,-,6332,-,-,842,-,6323,-,-,2918,-,7759,-,-,3006,-,8928,-,-
양산시,도매 및 소매업,4741,-,13962,-,-,4954,-,14437,-,-,5151,-,15082,-,-,5341,-,15512,-,-,5510,-,16530,-,-,8515,-,18466,-,-,8447,-,18750,-,-
양산시,운수 및 창고업,2094,-,8306,-,-,2414,-,8611,-,-,2546,-,8582,-,-,2854,-,9536,-,-,3043,-,9816,-,-,7085,-,13647,-,-,6724,-,15632,-,-
양산시,숙박 및 음식점업,4277,-,11564,-,-,4706,-,12826,-,-,5049,-,13670,-,-,5349,-,14243,-,-,5443,-,14881,-,-,6092,-,13527,-,-,6245,-,13907,-,-
양산시,정보통신업,62,-,604,-,-,69,-,550,-,-,65,-,547,-,-,54,-,511,-,-,64,-,481,-,-,187,-,650,-,-,209,-,653,-,-
양산시,금융 및 보험업,173,-,2283,-,-,166,-,2213,-,-,177,-,2259,-,-,179,-,2185,-,-,179,-,2276,-,-,201,-,2411,-,-,207,-,2284,-,-
양산시,부동산업,950,-,2586,-,-,1122,-,2979,-,-,1115,-,2650,-,-,1129,-,2570,-,-,1059,-,2489,-,-,1686,-,3418,-,-,1710,-,3555,-,-
양산시,전문  과학 및 기술 서비스업,289,-,1740,-,-,315,-,1635,-,-,324,-,1812,-,-,354,-,1974,-,-,387,-,2107,-,-,749,-,3095,-,-,770,-,3263,-,-
양산시,"사업시설관리, 사업지원 및 임대 서비스업",188,-,1968,-,-,208,-,2346,-,-,359,-,3104,-,-,419,-,3506,-,-,429,-,3269,-,-,1237,-,4944,-,-,1049,-,4006,-,-
양산시,공공행정  국방 및 사회보장 행정,55,-,2570,-,-,57,-,2768,-,-,58,-,2391,-,-,57,-,2471,-,-,58,-,2870,-,-,57,-,3974,-,-,58,-,3434,-,-
양산시,교육 서비스업,1072,-,7915,-,-,1145,-,7996,-,-,1222,-,8607,-,-,1289,-,9102,-,-,1333,-,9241,-,-,1710,-,9510,-,-,1838,-,9966,-,-
양산시,보건업 및 사회복지 서비스업,744,-,9451,-,-,809,-,10550,-,-,878,-,11821,-,-,961,-,13698,-,-,981,-,14506,-,-,989,-,15744,-,-,1006,-,17959,-,-
양산시,예술  스포츠 및 여가관련 서비스업,519,-,2580,-,-,585,-,2536,-,-,696,-,2919,-,-,730,-,3068,-,-,745,-,3069,-,-,801,-,2569,-,-,810,-,2924,-,-
양산시,협회 및 단체  수리  및 기타 개인 서비스업,2218,-,5119,-,-,2406,-,5453,-,-,2490,-,5291,-,-,2650,-,5430,-,-,2836,-,5854,-,-,3261,-,5907,-,-,3374,-,6107,-,-
의령군,계,1933,801,9348,5475,3873,1948,807,9384,5468,3916,1939,797,9371,5252,4119,2030,826,9538,5328,4210,2112,884,9721,5391,4330,3051,1130,11669,6913,4756,3138,1156,11591,6882,4709
의령군,농업  임업 및 어업,10,-,166,-,-,10,-,167,-,-,10,-,178,-,-,11,-,124,-,-,13,-,121,-,-,38,-,199,-,-,42,-,231,-,-
의령군,광업,5,-,46,-,-,5,-,36,-,-,5,-,46,-,-,4,-,32,-,-,4,-,30,-,-,5,-,41,-,-,5,-,30,-,-
의령군,제조업,255,-,1897,-,-,258,-,1923,-,-,282,-,2035,-,-,298,-,2026,-,-,313,-,2094,-,-,377,-,2111,-,-,374,-,2086,-,-
의령군,"전기,가스,증기 및 공기조절 공급업",4,-,47,-,-,3,-,43,-,-,2,-,X,-,-,3,-,45,-,-,3,-,47,-,-,113,-,168,-,-,168,-,215,-,-
의령군,수도·하수 및 폐기물 처리 원료재생업,11,-,98,-,-,12,-,87,-,-,12,-,95,-,-,13,-,104,-,-,14,-,114,-,-,15,-,131,-,-,14,-,146,-,-
의령군,건설업,109,-,859,-,-,103,-,726,-,-,97,-,655,-,-,108,-,623,-,-,121,-,719,-,-,280,-,1660,-,-,287,-,1445,-,-
의령군,도매 및 소매업,362,-,770,-,-,356,-,753,-,-,357,-,737,-,-,364,-,780,-,-,373,-,838,-,-,490,-,905,-,-,475,-,890,-,-
의령군,운수 및 창고업,125,-,191,-,-,126,-,197,-,-,116,-,203,-,-,123,-,223,-,-,136,-,203,-,-,528,-,627,-,-,509,-,583,-,-
의령군,숙박 및 음식점업,450,-,885,-,-,461,-,882,-,-,457,-,851,-,-,485,-,914,-,-,497,-,967,-,-,517,-,894,-,-,536,-,885,-,-
의령군,정보통신업,16,-,85,-,-,16,-,85,-,-,17,-,86,-,-,18,-,86,-,-,18,-,88,-,-,22,-,87,-,-,23,-,95,-,-
의령군,금융 및 보험업,31,-,238,-,-,31,-,219,-,-,30,-,216,-,-,30,-,216,-,-,29,-,184,-,-,30,-,223,-,-,31,-,213,-,-
의령군,부동산업,24,-,46,-,-,26,-,59,-,-,25,-,41,-,-,26,-,37,-,-,29,-,49,-,-,40,-,76,-,-,47,-,74,-,-
의령군,전문  과학 및 기술 서비스업,33,-,128,-,-,36,-,127,-,-,34,-,89,-,-,34,-,91,-,-,38,-,94,-,-,47,-,146,-,-,50,-,156,-,-
의령군,"사업시설관리, 사업지원 및 임대 서비스업",6,-,42,-,-,7,-,36,-,-,13,-,50,-,-,15,-,84,-,-,18,-,83,-,-,24,-,95,-,-,28,-,75,-,-
의령군,공공행정  국방 및 사회보장 행정,35,-,1497,-,-,34,-,1551,-,-,34,-,1562,-,-,34,-,1527,-,-,35,-,1582,-,-,36,-,1423,-,-,36,-,1620,-,-
의령군,교육 서비스업,71,-,740,-,-,69,-,734,-,-,67,-,775,-,-,70,-,776,-,-,72,-,764,-,-,75,-,758,-,-,77,-,740,-,-
의령군,보건업 및 사회복지 서비스업,95,-,995,-,-,99,-,1056,-,-,102,-,1125,-,-,104,-,1190,-,-,103,-,1144,-,-,110,-,1319,-,-,113,-,1408,-,-
의령군,예술  스포츠 및 여가관련 서비스업,33,-,124,-,-,42,-,195,-,-,43,-,187,-,-,46,-,202,-,-,46,-,203,-,-,44,-,320,-,-,43,-,295,-,-
의령군,협회 및 단체  수리  및 기타 개인 서비스업,258,-,494,-,-,254,-,508,-,-,236,-,404,-,-,244,-,458,-,-,250,-,397,-,-,260,-,486,-,-,280,-,404,-,-
함안군,계,6906,2316,39191,27554,11637,6882,2279,40568,28594,11974,7169,2387,41150,28568,12582,7507,2485,41772,28697,13075,7852,2574,43809,29894,13915,10977,3374,46252,31753,14499,11263,3395,45621,31454,14167
함안군,농업  임업 및 어업,16,-,180,-,-,17,-,195,-,-,17,-,168,-,-,19,-,174,-,-,21,-,189,-,-,44,-,257,-,-,46,-,272,-,-
함안군,광업,2,-,13,-,-,1,-,X,-,-,1,-,X,-,-,2,-,X,-,-,2,-,X,-,-,2,-,2,-,-,3,-,59,-,-
함안군,제조업,2388,-,22943,-,-,2405,-,23739,-,-,2501,-,23897,-,-,2605,-,23824,-,-,2771,-,24078,-,-,3779,-,24393,-,-,3757,-,24278,-,-
함안군,"전기,가스,증기 및 공기조절 공급업",7,-,197,-,-,8,-,195,-,-,11,-,118,-,-,14,-,119,-,-,19,-,147,-,-,206,-,314,-,-,283,-,411,-,-
함안군,수도·하수 및 폐기물 처리 원료재생업,42,-,465,-,-,46,-,449,-,-,51,-,536,-,-,57,-,544,-,-,61,-,614,-,-,76,-,684,-,-,82,-,728,-,-
함안군,건설업,235,-,1425,-,-,225,-,1514,-,-,215,-,1389,-,-,235,-,1389,-,-,261,-,1586,-,-,1200,-,2686,-,-,1246,-,2718,-,-
함안군,도매 및 소매업,1272,-,3058,-,-,1279,-,3175,-,-,1296,-,3149,-,-,1358,-,3348,-,-,1401,-,3638,-,-,1917,-,3918,-,-,1899,-,3851,-,-
함안군,운수 및 창고업,376,-,941,-,-,378,-,1049,-,-,448,-,1190,-,-,504,-,1252,-,-,554,-,1376,-,-,566,-,1222,-,-,670,-,1279,-,-
함안군,숙박 및 음식점업,1122,-,2481,-,-,1077,-,2307,-,-,1140,-,2464,-,-,1179,-,2600,-,-,1179,-,2679,-,-,1280,-,2394,-,-,1305,-,2481,-,-
함안군,정보통신업,25,-,131,-,-,22,-,132,-,-,23,-,113,-,-,22,-,112,-,-,23,-,131,-,-,33,-,127,-,-,34,-,150,-,-
함안군,금융 및 보험업,41,-,390,-,-,40,-,401,-,-,40,-,372,-,-,40,-,391,-,-,40,-,385,-,-,43,-,308,-,-,48,-,316,-,-
함안군,부동산업,187,-,394,-,-,182,-,421,-,-,179,-,326,-,-,182,-,356,-,-,189,-,344,-,-,269,-,403,-,-,274,-,437,-,-
함안군,전문  과학 및 기술 서비스업,67,-,385,-,-,74,-,419,-,-,75,-,353,-,-,78,-,336,-,-,80,-,301,-,-,142,-,546,-,-,143,-,527,-,-
함안군,"사업시설관리, 사업지원 및 임대 서비스업",45,-,491,-,-,43,-,534,-,-,64,-,444,-,-,73,-,414,-,-,79,-,670,-,-,140,-,686,-,-,136,-,616,-,-
함안군,공공행정  국방 및 사회보장 행정,32,-,1055,-,-,32,-,1019,-,-,32,-,999,-,-,32,-,1084,-,-,33,-,1130,-,-,33,-,1143,-,-,33,-,1206,-,-
함안군,교육 서비스업,178,-,1382,-,-,183,-,1443,-,-,193,-,1478,-,-,194,-,1510,-,-,201,-,1696,-,-,227,-,1477,-,-,241,-,1498,-,-
함안군,보건업 및 사회복지 서비스업,183,-,1579,-,-,187,-,1752,-,-,193,-,2634,-,-,194,-,2754,-,-,214,-,3202,-,-,222,-,3911,-,-,226,-,3113,-,-
함안군,예술  스포츠 및 여가관련 서비스업,87,-,299,-,-,97,-,369,-,-,107,-,391,-,-,117,-,411,-,-,123,-,439,-,-,131,-,549,-,-,138,-,491,-,-
함안군,협회 및 단체  수리  및 기타 개인 서비스업,601,-,1382,-,-,586,-,1451,-,-,583,-,1126,-,-,602,-,1152,-,-,601,-,1198,-,-,667,-,1232,-,-,699,-,1190,-,-
창녕군,계,5163,2099,24811,15147,9664,5322,2151,25166,15292,9874,5549,2239,25856,15840,10016,5628,2302,26373,16004,10369,5700,2313,27288,16408,10880,6921,2767,30966,19918,11048,7186,2831,28603,16991,11612
창녕군,농업  임업 및 어업,21,-,247,-,-,22,-,244,-,-,25,-,268,-,-,34,-,308,-,-,35,-,366,-,-,61,-,416,-,-,73,-,423,-,-
창녕군,광업,4,-,34,-,-,5,-,31,-,-,4,-,29,-,-,4,-,20,-,-,3,-,23,-,-,7,-,18,-,-,6,-,12,-,-
창녕군,제조업,788,-,8699,-,-,804,-,8937,-,-,875,-,9335,-,-,919,-,9411,-,-,937,-,9595,-,-,1070,-,8937,-,-,1089,-,9273,-,-
창녕군,"전기,가스,증기 및 공기조절 공급업",7,-,50,-,-,9,-,63,-,-,17,-,65,-,-,24,-,71,-,-,33,-,78,-,-,263,-,307,-,-,268,-,317,-,-
창녕군,수도·하수 및 폐기물 처리 원료재생업,25,-,164,-,-,24,-,144,-,-,26,-,183,-,-,29,-,183,-,-,30,-,165,-,-,41,-,219,-,-,42,-,227,-,-
창녕군,건설업,191,-,1185,-,-,193,-,1311,-,-,211,-,1246,-,-,211,-,1244,-,-,226,-,1356,-,-,439,-,5476,-,-,460,-,1892,-,-
창녕군,도매 및 소매업,1165,-,2928,-,-,1178,-,2876,-,-,1177,-,2835,-,-,1190,-,2834,-,-,1166,-,2996,-,-,1449,-,2925,-,-,1489,-,3071,-,-
창녕군,운수 및 창고업,359,-,802,-,-,409,-,888,-,-,501,-,985,-,-,413,-,888,-,-,387,-,881,-,-,462,-,965,-,-,545,-,995,-,-
창녕군,숙박 및 음식점업,1188,-,2458,-,-,1221,-,2545,-,-,1233,-,2556,-,-,1281,-,2683,-,-,1316,-,2932,-,-,1414,-,2649,-,-,1421,-,2612,-,-
창녕군,정보통신업,22,-,122,-,-,21,-,116,-,-,22,-,131,-,-,25,-,125,-,-,24,-,112,-,-,30,-,108,-,-,26,-,97,-,-
창녕군,금융 및 보험업,52,-,478,-,-,50,-,430,-,-,50,-,465,-,-,50,-,410,-,-,52,-,364,-,-,51,-,353,-,-,51,-,426,-,-
창녕군,부동산업,131,-,200,-,-,145,-,270,-,-,156,-,256,-,-,163,-,253,-,-,155,-,234,-,-,192,-,253,-,-,186,-,261,-,-
창녕군,전문  과학 및 기술 서비스업,68,-,382,-,-,70,-,385,-,-,70,-,356,-,-,75,-,368,-,-,82,-,366,-,-,100,-,383,-,-,111,-,426,-,-
창녕군,"사업시설관리, 사업지원 및 임대 서비스업",50,-,353,-,-,55,-,312,-,-,67,-,366,-,-,81,-,638,-,-,100,-,402,-,-,144,-,561,-,-,150,-,549,-,-
창녕군,공공행정  국방 및 사회보장 행정,38,-,1328,-,-,37,-,1354,-,-,36,-,1397,-,-,36,-,1267,-,-,36,-,1383,-,-,36,-,1329,-,-,36,-,1631,-,-
창녕군,교육 서비스업,193,-,1423,-,-,190,-,1407,-,-,190,-,1449,-,-,191,-,1431,-,-,201,-,1580,-,-,214,-,1410,-,-,217,-,1427,-,-
창녕군,보건업 및 사회복지 서비스업,165,-,2048,-,-,166,-,1924,-,-,186,-,2394,-,-,191,-,2654,-,-,196,-,2781,-,-,209,-,3219,-,-,215,-,3454,-,-
창녕군,예술  스포츠 및 여가관련 서비스업,100,-,746,-,-,113,-,641,-,-,123,-,576,-,-,119,-,642,-,-,116,-,648,-,-,113,-,380,-,-,119,-,507,-,-
창녕군,협회 및 단체  수리  및 기타 개인 서비스업,596,-,1164,-,-,610,-,1288,-,-,580,-,964,-,-,592,-,943,-,-,605,-,1026,-,-,626,-,1058,-,-,682,-,1003,-,-
고성군,계,4552,1916,20170,12142,8028,4376,1883,20394,12083,8311,4541,1918,20684,12554,8130,4661,1996,20260,12067,8193,4798,2052,21178,12532,8646,6093,2462,22748,13623,9125,6276,2504,22611,13483,9128
고성군,농업  임업 및 어업,14,-,176,-,-,16,-,181,-,-,17,-,142,-,-,22,-,123,-,-,27,-,168,-,-,49,-,226,-,-,52,-,217,-,-
고성군,광업,1,-,2,-,-,1,-,X,-,-,0,-,0,-,-,-,-,-,-,-,1,-,X,-,-,3,-,8,-,-,2,-,8,-,-
고성군,제조업,512,-,5904,-,-,480,-,5766,-,-,557,-,6187,-,-,541,-,5600,-,-,573,-,5994,-,-,663,-,5274,-,-,676,-,5162,-,-
고성군,"전기,가스,증기 및 공기조절 공급업",4,-,590,-,-,6,-,593,-,-,6,-,610,-,-,19,-,606,-,-,25,-,575,-,-,240,-,751,-,-,278,-,822,-,-
고성군,수도·하수 및 폐기물 처리 원료재생업,13,-,67,-,-,10,-,65,-,-,11,-,82,-,-,14,-,87,-,-,14,-,78,-,-,18,-,107,-,-,17,-,136,-,-
고성군,건설업,199,-,1254,-,-,196,-,1506,-,-,213,-,1689,-,-,216,-,1592,-,-,238,-,1676,-,-,649,-,2658,-,-,666,-,2275,-,-
고성군,도매 및 소매업,1148,-,2337,-,-,1073,-,2195,-,-,1082,-,2186,-,-,1086,-,2141,-,-,1111,-,2357,-,-,1372,-,2586,-,-,1347,-,2420,-,-
고성군,운수 및 창고업,319,-,665,-,-,269,-,722,-,-,284,-,695,-,-,308,-,722,-,-,286,-,694,-,-,334,-,788,-,-,360,-,762,-,-
고성군,숙박 및 음식점업,1045,-,2151,-,-,1042,-,2257,-,-,1062,-,2177,-,-,1119,-,2277,-,-,1128,-,2439,-,-,1161,-,2145,-,-,1189,-,2113,-,-
고성군,정보통신업,24,-,133,-,-,25,-,131,-,-,28,-,134,-,-,26,-,126,-,-,29,-,149,-,-,34,-,136,-,-,40,-,144,-,-
고성군,금융 및 보험업,50,-,551,-,-,52,-,481,-,-,51,-,479,-,-,50,-,434,-,-,52,-,416,-,-,58,-,479,-,-,55,-,405,-,-
고성군,부동산업,116,-,244,-,-,106,-,256,-,-,97,-,193,-,-,104,-,185,-,-,104,-,168,-,-,146,-,239,-,-,156,-,286,-,-
고성군,전문  과학 및 기술 서비스업,71,-,259,-,-,67,-,208,-,-,63,-,222,-,-,69,-,228,-,-,80,-,228,-,-,104,-,320,-,-,109,-,327,-,-
고성군,"사업시설관리, 사업지원 및 임대 서비스업",42,-,530,-,-,38,-,443,-,-,63,-,440,-,-,67,-,368,-,-,70,-,433,-,-,145,-,666,-,-,141,-,931,-,-
고성군,공공행정  국방 및 사회보장 행정,46,-,1222,-,-,45,-,1210,-,-,45,-,1148,-,-,45,-,1634,-,-,45,-,1275,-,-,44,-,1654,-,-,43,-,1899,-,-
고성군,교육 서비스업,162,-,1199,-,-,154,-,1164,-,-,168,-,1243,-,-,178,-,1291,-,-,174,-,1334,-,-,182,-,1321,-,-,190,-,1295,-,-
고성군,보건업 및 사회복지 서비스업,145,-,1320,-,-,146,-,1529,-,-,155,-,1645,-,-,151,-,1522,-,-,161,-,1830,-,-,176,-,2081,-,-,181,-,2095,-,-
고성군,예술  스포츠 및 여가관련 서비스업,88,-,416,-,-,88,-,471,-,-,94,-,461,-,-,98,-,391,-,-,97,-,381,-,-,100,-,312,-,-,110,-,334,-,-
고성군,협회 및 단체  수리  및 기타 개인 서비스업,553,-,1150,-,-,562,-,1214,-,-,545,-,951,-,-,548,-,933,-,-,583,-,982,-,-,615,-,997,-,-,664,-,980,-,-
남해군,계,4388,1947,14306,7312,6994,4452,1994,14603,7425,7178,4569,2057,15418,7735,7683,4675,2124,16138,8013,8125,4743,2123,16935,8488,8447,5538,2387,16624,8513,8111,5909,2417,17511,8835,8676
남해군,농업  임업 및 어업,20,-,184,-,-,27,-,168,-,-,25,-,162,-,-,26,-,179,-,-,28,-,167,-,-,45,-,246,-,-,46,-,257,-,-
남해군,광업,0,-,0,-,-,1,-,X,-,-,1,-,X,-,-,1,-,X,-,-,1,-,X,-,-,-,-,-,-,-,-,-,-,-,-
남해군,제조업,242,-,1006,-,-,245,-,1017,-,-,307,-,1122,-,-,322,-,1192,-,-,323,-,1293,-,-,340,-,1157,-,-,338,-,1148,-,-
남해군,"전기,가스,증기 및 공기조절 공급업",14,-,71,-,-,13,-,63,-,-,2,-,X,-,-,2,-,32,-,-,4,-,41,-,-,276,-,326,-,-,404,-,444,-,-
남해군,수도·하수 및 폐기물 처리 원료재생업,15,-,96,-,-,15,-,119,-,-,25,-,126,-,-,26,-,138,-,-,25,-,153,-,-,27,-,138,-,-,27,-,139,-,-
남해군,건설업,175,-,1056,-,-,186,-,1138,-,-,186,-,1152,-,-,197,-,1285,-,-,212,-,1314,-,-,411,-,1539,-,-,438,-,1529,-,-
남해군,도매 및 소매업,1005,-,2086,-,-,985,-,2058,-,-,978,-,2080,-,-,980,-,2127,-,-,1027,-,2251,-,-,1160,-,2129,-,-,1153,-,2160,-,-
남해군,운수 및 창고업,249,-,560,-,-,237,-,542,-,-,250,-,554,-,-,246,-,513,-,-,238,-,509,-,-,240,-,462,-,-,292,-,495,-,-
남해군,숙박 및 음식점업,1528,-,3293,-,-,1581,-,3368,-,-,1652,-,3698,-,-,1728,-,4040,-,-,1727,-,4224,-,-,1773,-,3613,-,-,1804,-,3924,-,-
남해군,정보통신업,21,-,116,-,-,23,-,129,-,-,27,-,142,-,-,28,-,134,-,-,25,-,131,-,-,36,-,143,-,-,40,-,141,-,-
남해군,금융 및 보험업,55,-,500,-,-,54,-,456,-,-,51,-,472,-,-,52,-,471,-,-,51,-,439,-,-,60,-,464,-,-,60,-,448,-,-
남해군,부동산업,75,-,103,-,-,87,-,121,-,-,78,-,119,-,-,79,-,117,-,-,82,-,134,-,-,106,-,177,-,-,112,-,186,-,-
남해군,전문  과학 및 기술 서비스업,50,-,209,-,-,51,-,220,-,-,56,-,242,-,-,63,-,235,-,-,60,-,258,-,-,76,-,278,-,-,87,-,296,-,-
남해군,"사업시설관리, 사업지원 및 임대 서비스업",42,-,130,-,-,43,-,134,-,-,66,-,207,-,-,66,-,189,-,-,68,-,186,-,-,76,-,213,-,-,80,-,158,-,-
남해군,공공행정  국방 및 사회보장 행정,42,-,1099,-,-,43,-,1058,-,-,42,-,1089,-,-,41,-,1077,-,-,40,-,1237,-,-,38,-,1172,-,-,32,-,993,-,-
남해군,교육 서비스업,139,-,1107,-,-,145,-,1147,-,-,147,-,1203,-,-,146,-,1253,-,-,149,-,1308,-,-,161,-,1223,-,-,168,-,1362,-,-
남해군,보건업 및 사회복지 서비스업,132,-,1469,-,-,137,-,1672,-,-,143,-,1855,-,-,142,-,1951,-,-,147,-,2073,-,-,153,-,2287,-,-,166,-,2594,-,-
남해군,예술  스포츠 및 여가관련 서비스업,87,-,277,-,-,86,-,318,-,-,92,-,376,-,-,98,-,351,-,-,99,-,349,-,-,106,-,317,-,-,127,-,364,-,-
남해군,협회 및 단체  수리  및 기타 개인 서비스업,497,-,944,-,-,493,-,874,-,-,441,-,788,-,-,432,-,851,-,-,437,-,867,-,-,454,-,740,-,-,535,-,873,-,-
하동군,계,3927,1799,14246,7907,6339,3950,1820,14248,7788,6460,3928,1809,14159,7642,6517,4003,1838,14656,7844,6812,4195,1906,15686,8584,7102,5832,2423,17625,9603,8022,6270,2539,18092,9938,8154
하동군,농업  임업 및 어업,11,-,218,-,-,15,-,230,-,-,15,-,210,-,-,15,-,149,-,-,20,-,201,-,-,70,-,282,-,-,73,-,301,-,-
하동군,광업,7,-,17,-,-,6,-,21,-,-,6,-,16,-,-,4,-,5,-,-,4,-,6,-,-,6,-,7,-,-,5,-,7,-,-
하동군,제조업,342,-,1317,-,-,330,-,1227,-,-,378,-,1355,-,-,387,-,1434,-,-,403,-,1429,-,-,491,-,1558,-,-,510,-,1479,-,-
하동군,"전기,가스,증기 및 공기조절 공급업",11,-,710,-,-,17,-,680,-,-,16,-,687,-,-,21,-,714,-,-,34,-,737,-,-,466,-,1188,-,-,634,-,1375,-,-
하동군,수도·하수 및 폐기물 처리 원료재생업,10,-,60,-,-,9,-,57,-,-,13,-,111,-,-,15,-,119,-,-,18,-,135,-,-,23,-,151,-,-,20,-,126,-,-
하동군,건설업,176,-,1076,-,-,178,-,953,-,-,178,-,1032,-,-,185,-,1190,-,-,183,-,1355,-,-,710,-,1918,-,-,772,-,1897,-,-
하동군,도매 및 소매업,1113,-,2109,-,-,1122,-,2066,-,-,1059,-,2007,-,-,1076,-,2034,-,-,1107,-,2138,-,-,1417,-,2369,-,-,1444,-,2319,-,-
하동군,운수 및 창고업,167,-,370,-,-,167,-,354,-,-,132,-,326,-,-,139,-,277,-,-,199,-,426,-,-,267,-,420,-,-,256,-,373,-,-
하동군,숙박 및 음식점업,1024,-,2032,-,-,1006,-,1950,-,-,1030,-,1840,-,-,1065,-,2006,-,-,1088,-,2051,-,-,1155,-,2035,-,-,1225,-,1997,-,-
하동군,정보통신업,28,-,127,-,-,26,-,146,-,-,27,-,154,-,-,28,-,129,-,-,26,-,142,-,-,26,-,130,-,-,33,-,135,-,-
하동군,금융 및 보험업,45,-,584,-,-,44,-,576,-,-,44,-,519,-,-,43,-,486,-,-,41,-,469,-,-,43,-,517,-,-,50,-,428,-,-
하동군,부동산업,73,-,135,-,-,81,-,134,-,-,66,-,102,-,-,69,-,92,-,-,72,-,120,-,-,87,-,152,-,-,88,-,140,-,-
하동군,전문  과학 및 기술 서비스업,48,-,178,-,-,52,-,195,-,-,56,-,232,-,-,59,-,226,-,-,67,-,276,-,-,82,-,280,-,-,93,-,278,-,-
하동군,"사업시설관리, 사업지원 및 임대 서비스업",37,-,723,-,-,38,-,816,-,-,43,-,703,-,-,38,-,716,-,-,38,-,757,-,-,62,-,736,-,-,63,-,909,-,-
하동군,공공행정  국방 및 사회보장 행정,46,-,1305,-,-,46,-,1332,-,-,45,-,1076,-,-,45,-,1241,-,-,46,-,1296,-,-,39,-,1477,-,-,40,-,1746,-,-
하동군,교육 서비스업,125,-,989,-,-,129,-,1000,-,-,134,-,1100,-,-,142,-,1055,-,-,141,-,1088,-,-,145,-,1056,-,-,155,-,1055,-,-
하동군,보건업 및 사회복지 서비스업,125,-,1380,-,-,134,-,1481,-,-,145,-,1732,-,-,143,-,1837,-,-,160,-,2061,-,-,166,-,2287,-,-,176,-,2543,-,-
하동군,예술  스포츠 및 여가관련 서비스업,63,-,151,-,-,75,-,177,-,-,79,-,200,-,-,77,-,196,-,-,88,-,242,-,-,89,-,244,-,-,95,-,206,-,-
하동군,협회 및 단체  수리  및 기타 개인 서비스업,476,-,765,-,-,475,-,853,-,-,462,-,757,-,-,452,-,750,-,-,460,-,757,-,-,488,-,818,-,-,538,-,778,-,-
산청군,계,3119,1227,12244,6894,5350,3074,1252,12144,6783,5361,3122,1274,11968,6493,5475,3150,1299,12706,7087,5619,3174,1348,13495,7304,6191,4743,1876,16452,9373,7079,5025,1968,16170,8724,7446
산청군,농업  임업 및 어업,30,-,230,-,-,30,-,214,-,-,30,-,249,-,-,32,-,255,-,-,37,-,252,-,-,82,-,375,-,-,84,-,375,-,-
산청군,광업,20,-,76,-,-,18,-,78,-,-,17,-,74,-,-,17,-,69,-,-,14,-,73,-,-,18,-,81,-,-,16,-,72,-,-
산청군,제조업,283,-,1623,-,-,306,-,1702,-,-,428,-,2097,-,-,418,-,2302,-,-,374,-,2194,-,-,443,-,2160,-,-,457,-,1937,-,-
산청군,"전기,가스,증기 및 공기조절 공급업",6,-,126,-,-,5,-,119,-,-,7,-,100,-,-,4,-,101,-,-,6,-,102,-,-,302,-,407,-,-,402,-,524,-,-
산청군,수도·하수 및 폐기물 처리 원료재생업,7,-,84,-,-,9,-,62,-,-,8,-,80,-,-,8,-,69,-,-,11,-,84,-,-,11,-,69,-,-,11,-,91,-,-
산청군,건설업,161,-,1167,-,-,173,-,1300,-,-,180,-,1080,-,-,175,-,1099,-,-,176,-,1112,-,-,459,-,2487,-,-,478,-,1731,-,-
산청군,도매 및 소매업,868,-,1947,-,-,794,-,1805,-,-,703,-,1445,-,-,692,-,1537,-,-,681,-,1615,-,-,983,-,1851,-,-,1024,-,1882,-,-
산청군,운수 및 창고업,156,-,478,-,-,150,-,545,-,-,138,-,380,-,-,151,-,384,-,-,166,-,430,-,-,511,-,746,-,-,505,-,845,-,-
산청군,숙박 및 음식점업,780,-,1781,-,-,774,-,1644,-,-,787,-,1637,-,-,829,-,1750,-,-,852,-,1924,-,-,934,-,1799,-,-,975,-,1734,-,-
산청군,정보통신업,20,-,114,-,-,19,-,113,-,-,20,-,109,-,-,21,-,111,-,-,22,-,112,-,-,23,-,113,-,-,23,-,143,-,-
산청군,금융 및 보험업,25,-,267,-,-,27,-,266,-,-,28,-,270,-,-,28,-,295,-,-,29,-,260,-,-,31,-,277,-,-,31,-,306,-,-
산청군,부동산업,37,-,68,-,-,45,-,77,-,-,47,-,77,-,-,53,-,91,-,-,53,-,79,-,-,73,-,113,-,-,76,-,102,-,-
산청군,전문  과학 및 기술 서비스업,50,-,158,-,-,46,-,162,-,-,44,-,135,-,-,40,-,141,-,-,45,-,130,-,-,71,-,222,-,-,79,-,226,-,-
산청군,"사업시설관리, 사업지원 및 임대 서비스업",26,-,110,-,-,24,-,117,-,-,31,-,126,-,-,30,-,99,-,-,29,-,92,-,-,45,-,120,-,-,49,-,193,-,-
산청군,공공행정  국방 및 사회보장 행정,36,-,933,-,-,38,-,986,-,-,37,-,984,-,-,37,-,1218,-,-,37,-,1436,-,-,37,-,1479,-,-,37,-,1540,-,-
산청군,교육 서비스업,94,-,872,-,-,100,-,883,-,-,105,-,980,-,-,101,-,993,-,-,105,-,976,-,-,112,-,994,-,-,112,-,934,-,-
산청군,보건업 및 사회복지 서비스업,98,-,1209,-,-,109,-,1218,-,-,120,-,1420,-,-,122,-,1421,-,-,133,-,1666,-,-,140,-,1916,-,-,156,-,2427,-,-
산청군,예술  스포츠 및 여가관련 서비스업,66,-,338,-,-,63,-,175,-,-,69,-,147,-,-,68,-,164,-,-,67,-,249,-,-,82,-,331,-,-,89,-,296,-,-
산청군,협회 및 단체  수리  및 기타 개인 서비스업,356,-,663,-,-,344,-,678,-,-,323,-,578,-,-,324,-,607,-,-,337,-,709,-,-,386,-,912,-,-,421,-,812,-,-
함양군,계,3372,1423,12636,6981,5655,3420,1454,13018,7043,5975,3497,1493,13222,7188,6034,3517,1501,13679,7562,6117,3566,1512,14685,8160,6525,4545,1812,14989,8406,6583,4838,1934,15926,9067,6859
함양군,농업  임업 및 어업,12,-,93,-,-,12,-,105,-,-,16,-,114,-,-,20,-,113,-,-,20,-,129,-,-,77,-,320,-,-,84,-,332,-,-
함양군,광업,1,-,2,-,-,4,-,42,-,-,3,-,47,-,-,3,-,51,-,-,3,-,38,-,-,7,-,34,-,-,8,-,42,-,-
함양군,제조업,302,-,1914,-,-,302,-,1969,-,-,334,-,1884,-,-,339,-,1892,-,-,347,-,2031,-,-,412,-,2099,-,-,421,-,2230,-,-
함양군,"전기,가스,증기 및 공기조절 공급업",5,-,69,-,-,6,-,85,-,-,3,-,43,-,-,3,-,42,-,-,4,-,40,-,-,227,-,277,-,-,347,-,392,-,-
함양군,수도·하수 및 폐기물 처리 원료재생업,9,-,57,-,-,9,-,60,-,-,12,-,97,-,-,12,-,109,-,-,11,-,113,-,-,12,-,74,-,-,14,-,126,-,-
함양군,건설업,185,-,1277,-,-,189,-,1266,-,-,194,-,1472,-,-,190,-,1608,-,-,201,-,1721,-,-,497,-,1950,-,-,533,-,2184,-,-
함양군,도매 및 소매업,883,-,1788,-,-,868,-,1755,-,-,890,-,1823,-,-,878,-,1847,-,-,885,-,1852,-,-,1074,-,1936,-,-,1071,-,1862,-,-
함양군,운수 및 창고업,200,-,480,-,-,226,-,534,-,-,203,-,519,-,-,216,-,567,-,-,218,-,586,-,-,212,-,522,-,-,228,-,531,-,-
함양군,숙박 및 음식점업,890,-,1853,-,-,895,-,1923,-,-,923,-,1923,-,-,918,-,1909,-,-,911,-,1905,-,-,934,-,1690,-,-,953,-,1644,-,-
함양군,정보통신업,23,-,113,-,-,23,-,127,-,-,25,-,130,-,-,28,-,125,-,-,30,-,122,-,-,35,-,129,-,-,43,-,142,-,-
함양군,금융 및 보험업,38,-,337,-,-,41,-,434,-,-,42,-,428,-,-,42,-,413,-,-,41,-,402,-,-,44,-,392,-,-,44,-,409,-,-
함양군,부동산업,49,-,84,-,-,56,-,102,-,-,55,-,99,-,-,55,-,98,-,-,58,-,96,-,-,67,-,133,-,-,71,-,127,-,-
함양군,전문  과학 및 기술 서비스업,43,-,189,-,-,45,-,188,-,-,49,-,178,-,-,51,-,168,-,-,55,-,246,-,-,68,-,262,-,-,74,-,287,-,-
함양군,"사업시설관리, 사업지원 및 임대 서비스업",20,-,103,-,-,21,-,85,-,-,31,-,83,-,-,31,-,64,-,-,46,-,156,-,-,59,-,124,-,-,67,-,119,-,-
함양군,공공행정  국방 및 사회보장 행정,33,-,1121,-,-,32,-,1078,-,-,32,-,1079,-,-,32,-,1260,-,-,33,-,1537,-,-,33,-,1308,-,-,33,-,1594,-,-
함양군,교육 서비스업,127,-,965,-,-,130,-,970,-,-,136,-,1002,-,-,139,-,1001,-,-,144,-,1095,-,-,152,-,1049,-,-,162,-,1039,-,-
함양군,보건업 및 사회복지 서비스업,122,-,1263,-,-,124,-,1353,-,-,126,-,1383,-,-,129,-,1433,-,-,136,-,1556,-,-,137,-,1660,-,-,143,-,1813,-,-
함양군,예술  스포츠 및 여가관련 서비스업,51,-,198,-,-,53,-,252,-,-,58,-,266,-,-,61,-,306,-,-,64,-,381,-,-,71,-,304,-,-,82,-,357,-,-
함양군,협회 및 단체  수리  및 기타 개인 서비스업,379,-,730,-,-,384,-,690,-,-,365,-,652,-,-,370,-,673,-,-,359,-,679,-,-,427,-,726,-,-,460,-,696,-,-
거창군,계,4705,2014,18464,9977,8487,4774,2029,19586,10776,8810,4823,2060,19757,10954,8803,4911,2111,20391,11300,9091,5028,2192,21437,11743,9694,7358,2929,24070,13732,10338,7666,3004,23806,13254,10552
거창군,농업  임업 및 어업,12,-,92,-,-,11,-,152,-,-,10,-,142,-,-,12,-,141,-,-,9,-,122,-,-,68,-,423,-,-,61,-,419,-,-
거창군,광업,8,-,111,-,-,7,-,112,-,-,8,-,122,-,-,8,-,131,-,-,9,-,149,-,-,13,-,157,-,-,11,-,135,-,-
거창군,제조업,397,-,2515,-,-,398,-,2681,-,-,439,-,2813,-,-,452,-,2726,-,-,452,-,2642,-,-,535,-,2834,-,-,542,-,2765,-,-
거창군,"전기,가스,증기 및 공기조절 공급업",6,-,77,-,-,5,-,73,-,-,4,-,45,-,-,5,-,53,-,-,5,-,49,-,-,427,-,475,-,-,563,-,617,-,-
거창군,수도·하수 및 폐기물 처리 원료재생업,10,-,123,-,-,11,-,107,-,-,11,-,144,-,-,10,-,157,-,-,11,-,158,-,-,14,-,178,-,-,14,-,177,-,-
거창군,건설업,233,-,1600,-,-,247,-,2201,-,-,254,-,2330,-,-,275,-,2692,-,-,294,-,2815,-,-,1167,-,3970,-,-,1256,-,3246,-,-
거창군,도매 및 소매업,1258,-,2819,-,-,1229,-,2763,-,-,1228,-,2792,-,-,1222,-,2753,-,-,1240,-,2909,-,-,1682,-,2996,-,-,1651,-,3152,-,-
거창군,운수 및 창고업,262,-,804,-,-,268,-,823,-,-,266,-,799,-,-,300,-,804,-,-,280,-,793,-,-,418,-,869,-,-,435,-,821,-,-
거창군,숙박 및 음식점업,1065,-,2263,-,-,1081,-,2347,-,-,1091,-,2302,-,-,1111,-,2338,-,-,1152,-,2602,-,-,1254,-,2412,-,-,1290,-,2464,-,-
거창군,정보통신업,38,-,182,-,-,39,-,166,-,-,38,-,170,-,-,37,-,167,-,-,36,-,143,-,-,47,-,161,-,-,50,-,150,-,-
거창군,금융 및 보험업,56,-,789,-,-,57,-,747,-,-,56,-,715,-,-,56,-,709,-,-,57,-,718,-,-,61,-,736,-,-,64,-,643,-,-
거창군,부동산업,54,-,168,-,-,68,-,211,-,-,67,-,164,-,-,72,-,180,-,-,70,-,148,-,-,119,-,229,-,-,127,-,277,-,-
거창군,전문  과학 및 기술 서비스업,79,-,327,-,-,86,-,384,-,-,90,-,412,-,-,92,-,420,-,-,98,-,486,-,-,122,-,529,-,-,124,-,554,-,-
거창군,"사업시설관리, 사업지원 및 임대 서비스업",40,-,159,-,-,48,-,199,-,-,61,-,200,-,-,61,-,412,-,-,72,-,454,-,-,109,-,543,-,-,100,-,390,-,-
거창군,공공행정  국방 및 사회보장 행정,39,-,1221,-,-,39,-,1256,-,-,39,-,1297,-,-,39,-,1428,-,-,39,-,1475,-,-,39,-,1709,-,-,39,-,1635,-,-
거창군,교육 서비스업,265,-,1853,-,-,265,-,1887,-,-,259,-,1824,-,-,256,-,1820,-,-,273,-,2086,-,-,303,-,1791,-,-,311,-,2068,-,-
거창군,보건업 및 사회복지 서비스업,181,-,1975,-,-,189,-,2059,-,-,198,-,2188,-,-,194,-,2142,-,-,205,-,2273,-,-,212,-,2652,-,-,219,-,2733,-,-
거창군,예술  스포츠 및 여가관련 서비스업,105,-,371,-,-,119,-,398,-,-,127,-,398,-,-,119,-,392,-,-,120,-,472,-,-,130,-,422,-,-,129,-,496,-,-
거창군,협회 및 단체  수리  및 기타 개인 서비스업,597,-,1015,-,-,607,-,1020,-,-,577,-,900,-,-,590,-,926,-,-,606,-,943,-,-,638,-,984,-,-,680,-,1064,-,-
합천군,계,3435,1419,12584,7006,5578,3390,1401,12680,7111,5569,3398,1427,12445,6875,5570,3464,1462,12868,7242,5626,3563,1505,13773,7721,6052,5043,2022,17691,10886,6805,5471,2163,16640,9847,6793
합천군,농업  임업 및 어업,28,-,263,-,-,26,-,243,-,-,25,-,164,-,-,22,-,171,-,-,24,-,212,-,-,56,-,467,-,-,60,-,435,-,-
합천군,광업,6,-,42,-,-,7,-,34,-,-,7,-,32,-,-,7,-,32,-,-,7,-,40,-,-,9,-,44,-,-,8,-,45,-,-
합천군,제조업,358,-,1418,-,-,350,-,1472,-,-,373,-,1425,-,-,370,-,1420,-,-,377,-,1489,-,-,398,-,1444,-,-,395,-,1328,-,-
합천군,"전기,가스,증기 및 공기조절 공급업",7,-,85,-,-,7,-,86,-,-,2,-,X,-,-,2,-,X,-,-,3,-,58,-,-,513,-,602,-,-,790,-,889,-,-
합천군,수도·하수 및 폐기물 처리 원료재생업,12,-,113,-,-,9,-,115,-,-,13,-,125,-,-,14,-,152,-,-,13,-,142,-,-,18,-,173,-,-,22,-,226,-,-
합천군,건설업,210,-,1373,-,-,213,-,1527,-,-,206,-,1500,-,-,221,-,1601,-,-,235,-,1749,-,-,769,-,4258,-,-,820,-,2656,-,-
합천군,도매 및 소매업,830,-,1574,-,-,799,-,1561,-,-,786,-,1519,-,-,789,-,1552,-,-,803,-,1624,-,-,991,-,1737,-,-,1004,-,1710,-,-
합천군,운수 및 창고업,210,-,358,-,-,214,-,387,-,-,213,-,352,-,-,205,-,330,-,-,226,-,368,-,-,241,-,327,-,-,248,-,358,-,-
합천군,숙박 및 음식점업,782,-,1451,-,-,757,-,1488,-,-,769,-,1426,-,-,816,-,1557,-,-,829,-,1649,-,-,881,-,1575,-,-,899,-,1466,-,-
합천군,정보통신업,24,-,130,-,-,26,-,139,-,-,26,-,158,-,-,26,-,146,-,-,26,-,138,-,-,31,-,137,-,-,30,-,133,-,-
합천군,금융 및 보험업,48,-,419,-,-,47,-,428,-,-,47,-,422,-,-,50,-,453,-,-,49,-,385,-,-,54,-,423,-,-,53,-,523,-,-
합천군,부동산업,35,-,69,-,-,41,-,80,-,-,40,-,59,-,-,45,-,54,-,-,50,-,61,-,-,69,-,167,-,-,75,-,199,-,-
합천군,전문  과학 및 기술 서비스업,50,-,263,-,-,50,-,220,-,-,55,-,258,-,-,57,-,246,-,-,58,-,252,-,-,73,-,293,-,-,81,-,333,-,-
합천군,"사업시설관리, 사업지원 및 임대 서비스업",20,-,109,-,-,17,-,69,-,-,28,-,154,-,-,29,-,134,-,-,45,-,190,-,-,78,-,295,-,-,73,-,230,-,-
합천군,공공행정  국방 및 사회보장 행정,47,-,1503,-,-,48,-,1386,-,-,49,-,1391,-,-,48,-,1350,-,-,51,-,1326,-,-,50,-,1501,-,-,52,-,1566,-,-
합천군,교육 서비스업,132,-,1016,-,-,134,-,972,-,-,139,-,1020,-,-,134,-,1021,-,-,118,-,1002,-,-,129,-,1004,-,-,131,-,1004,-,-
합천군,보건업 및 사회복지 서비스업,130,-,1290,-,-,131,-,1245,-,-,139,-,1358,-,-,142,-,1401,-,-,138,-,1677,-,-,147,-,1832,-,-,154,-,1835,-,-
합천군,예술  스포츠 및 여가관련 서비스업,57,-,208,-,-,63,-,290,-,-,63,-,182,-,-,69,-,353,-,-,75,-,439,-,-,70,-,291,-,-,75,-,335,-,-
합천군,협회 및 단체  수리  및 기타 개인 서비스업,449,-,900,-,-,451,-,938,-,-,418,-,826,-,-,418,-,820,-,-,436,-,972,-,-,466,-,1121,-,-,501,-,1369,-,-
