±¸ºÐ,Ç×¸ñ,´ÜÀ§,2014.01 ¿ù,2014.02 ¿ù,2014.03 ¿ù,2014.04 ¿ù,2014.05 ¿ù,2014.06 ¿ù,2014.07 ¿ù,2014.08 ¿ù,2014.09 ¿ù,2014.10 ¿ù,2014.11 ¿ù,2014.12 ¿ù,2015.01 ¿ù,2015.02 ¿ù,2015.03 ¿ù,2015.04 ¿ù,2015.05 ¿ù,2015.06 ¿ù,2015.07 ¿ù,2015.08 ¿ù,2015.09 ¿ù,2015.10 ¿ù,2015.11 ¿ù,2015.12 ¿ù,2016.01 ¿ù,2016.02 ¿ù,2016.03 ¿ù,2016.04 ¿ù,2016.05 ¿ù,2016.06 ¿ù,2016.07 ¿ù,2016.08 ¿ù,2016.09 ¿ù,2016.10 ¿ù,2016.11 ¿ù,2016.12 ¿ù,2017.01 ¿ù,2017.02 ¿ù,2017.03 ¿ù,2017.04 ¿ù,2017.05 ¿ù,2017.06 ¿ù,2017.07 ¿ù,2017.08 ¿ù,2017.09 ¿ù,2017.10 ¿ù,2017.11 ¿ù,2017.12 ¿ù,2018.01 ¿ù,2018.02 ¿ù,2018.03 ¿ù,2018.04 ¿ù,2018.05 ¿ù,2018.06 ¿ù,2018.07 ¿ù,2018.08 ¿ù,2018.09 ¿ù,2018.10 ¿ù,2018.11 ¿ù,2018.12 ¿ù,2019.01 ¿ù,2019.02 ¿ù,2019.03 ¿ù,2019.04 ¿ù,2019.05 ¿ù,2019.06 ¿ù,2019.07 ¿ù,2019.08 ¿ù,2019.09 ¿ù,2019.10 ¿ù,2019.11 ¿ù,2019.12 ¿ù,2020.01 ¿ù,2020.02 ¿ù,2020.03 ¿ù,2020.04 ¿ù,2020.05 ¿ù,2020.06 ¿ù,2020.07 ¿ù,2020.08 ¿ù,2020.09 ¿ù,2020.10 ¿ù,2020.11 ¿ù,2020.12 ¿ù,2021.01 ¿ù,2021.02 ¿ù,2021.03 ¿ù,2021.04 ¿ù,2021.05 ¿ù,2021.06 ¿ù,2021.07 ¿ù,2021.08 ¿ù,2021.09 ¿ù,2021.10 ¿ù,2021.11 ¿ù,2021.12 ¿ù,2022.01 ¿ù,2022.02 ¿ù,2022.03 ¿ù,2022.04 ¿ù,2022.05 ¿ù,2022.06 ¿ù,2022.07 ¿ù,2022.08 ¿ù,2022.09 ¿ù,2022.10 ¿ù,2022.11 ¿ù,2022.12 ¿ù,2023.01 ¿ù,2023.02 ¿ù,2023.03 ¿ù,2023.04 ¿ù,2023.05 ¿ù,2023.06 ¿ù,2023.07 ¿ù,2023.08 ¿ù,2023.09 ¿ù,2023.10 ¿ù,2023.11 ¿ù,2023.12 ¿ù,Unnamed: 123
ÃÑ°è,¿ùÆò±Õ,,.7,0.6,0.5,0.5,0.5,0.4,0.4,0.4,0.4,.5,0.6,.6,0.7,0.6,.6,.5,.4,.4,.4,.4,.4,.5,.6,.7,.6,.6,.5,.5,.4,.4,.4,.4,.4,.5,.6,.6,.6,0.6,.6,.5,.4,.4,.4,.4,.4,.4,.5,.6,.6,.6,.5,.4,.4,.4,.4,.4,.4,.4,.6,.6,.6,.6,0.5,.4,.4,.4,.4,.4,0.4,.4,.5,.6,.6,.5,.4,.4,.4,.4,.4,0.3,.4,.4,.5,.5,.5,.5,.5,.4,.4,.4,.3,.4,.4,.4,.5,.5,.5,.4,.4,.4,.3,.3,.3,.3,.3,.3,.4,.4,.48,.47,.42,.35,.33,.34,.33,.34,.35,.38,.4,.48,
¼­¿ïÆ¯º°½Ã,¿ùÆò±Õ,,.7,0.6,0.5,0.5,0.5,0.4,0.4,0.4,0.4,.4,0.6,.7,0.7,0.7,.6,.5,.4,.4,.4,.4,.4,.5,.6,.7,.6,.6,.6,.5,.5,.4,.4,.4,.5,.5,.6,.7,.7,0.6,.6,.5,.4,.4,.4,.4,.5,.5,.6,.7,.6,.6,.6,.5,.4,.4,.4,.4,.4,.5,.7,.6,.8,.7,0.6,.5,.5,.4,.4,.4,0.4,.5,.6,.7,.7,.6,.5,.4,.4,.4,.4,0.3,.4,.5,.6,.6,.6,.6,.5,.4,.4,.4,.3,.4,.4,.4,.6,.6,.6,.5,.5,.4,.4,.3,.3,.3,.4,.4,.5,.5,.6,.55,.52,.41,.38,.39,.36,.34,.38,.44,.46,.57,
ºÎ»ê±¤¿ª½Ã,¿ùÆò±Õ,,.5,0.4,0.4,0.4,0.4,0.3,0.3,0.3,0.3,.3,0.4,.4,0.4,0.4,.4,.4,.4,.3,0.3*,.3,.3,.4,.4,.5,.5,.4,.4,.4,.4,.4,.3,.4,.3,.4,.4,.5,.4,0.4,.4,.4,.4,.3,.3,.3,.3,.3,.4,.4,.4,.4,.4,.3,.3,.3,.3,.3,.3,.4,.4,.4,.4,.4,0.4,.4,.4,.4,.3,.4,0.3,.3,.4,.5,.4,.4,.4,.4,.4,.4,.3,0.3,.4,.4,.4,.4,.4,.4,.4,.3,.3,.3,.2,.3,.3,.3,.4,.4,.4,.4,.4,.3,.3,.3,.3,.3,.3,.3,.3,.3,.36,.37,.35,.3,.3,.32,.28,.27,.3,.33,.33,.38,
´ë±¸±¤¿ª½Ã,¿ùÆò±Õ,,.7,0.5,0.5,0.4,0.4,0.3,0.3,0.3,0.3,.3,0.5,.5,0.5,0.5,.5,.4,.4,.4,.3,.3,.3,.4,.4,.6,.6,.5,.4,.4,.3,.3,.3,.3,.3,.4,0.5* ,.6,.6,0.5,.5,.4,.4,.4,.3,.3,0.4*,0.4*,.5,.6,.6,.5,.4,.4,.3,.3,.3,.3,.3,.4,.6,.6,.7,.6,0.5,.4,.4,.4,.3,.3,0.3,.4,.5,.7,.7,.6,.4,.4,.4,.4,.4,0.3,.3,.4,.5,.5,.5,.5,.4,.3,.4,.4,.3,.3,.3,.3,.4,.5,.5,.4,.4,.3,.3,.3,.3,.3,.3,.3,.4,.4,.47,.45,.38,.31,.3,.3,.31,.28,.31,.34,.41,.46,
ÀÎÃµ±¤¿ª½Ã,¿ùÆò±Õ,,.8,0.8,0.6,0.5,0.5,0.5,0.5,0.5,0.5,.5,0.7,.7,0.8,0.7,.7,.6,.5,.5,.4,.5,.5,.6,.7,.8,.7,.6,.6,.5,.5,.5,.4,.5,.5,.6,.7,.8,.8,0.7,.7,.6,.5,.4,.5,.4,.5,.5,.6,.6,.7,.6,.6,.5,.5,.4,.4,.4,.4,.5,.7,.6,.7,.7,0.6,.5,.5,.4,.4,.4,0.5,.5,.6,.7,.7,.6,.5,.5,.5,.4,.4,0.3,.4,.5,.5,.6,.6,.6,.6,.4,.4,.4,.4,.4,.4,.5,.6,.6,.6,.5,.5,.4,.4,.3,.4,.4,.4,.5,.6,.5,.6,.57,.52,.43,.41,.4,.37,.39,.4,.48,.49,.57,
±¤ÁÖ±¤¿ª½Ã,¿ùÆò±Õ,,.7,0.7,0.6,0.5,0.4,0.4,0.4,0.6,0.5,.4,0.6,.9,0.6,0.6,.5,.5,.4,.5,.4,.4,0.3*,.4,.5,.6,.6,.6,.5,.4,.4,.4,.3,.4,.4,.5,.6,.6,.5,0.5,.5,.4,.4,.4,.3,.4,.4,.4,.6,.6,.6,.6,.6,.5,.4,.4,.4,.4,.4,.5,.7,.6,.6,.6,0.5,.4,.4,.4,.3,.4,0.4,.4,.5,.6,.6,.5,.4,.4,.4,.3,.3,0.3,.3,.4,.5,.5,.5,.5,.5,.5,.4,.4,.4,.5,.5,.5,.6,.6,.5,.5,.4,.4,.3,.3,.3,.3,.3,.4,.5,.5,.51,.53,.49,.42,.36,.36,.31,.35,.35,.39,.43,.53,
´ëÀü±¤¿ª½Ã,¿ùÆò±Õ,,.8,0.6,0.5,0.4,0.4,0.3,0.3,0.3,0.4,.4,0.6,.7,0.7,0.6,.5,.4,.4,.4,.3,.4,.4,.5,.5,.6,.6,.5,.5,.4,.4,.4,.4,.4,.5,.5,.6,.6,.6,0.5,.5,.4,.3,.4,.3,.4,.4,.4,.5,.6,.6,.5,.4,.4,.3,.4,.3,.3,.4,.4,.6,.6,.6,.6,0.5,.3,.4,.3,.3,.3,0.3,.3,.5,.6,.5,.5,.4,.3,.3,.4,.3,0.3,.4,.4,.5,.5,.6,.6,.5,.4,.4,.4,.4,.4,.4,.4,.5,.6,.6,.5,.5,.4,.4,.4,.4,.3,.3,.4,.5,.5,.47,.47,.41,.36,.32,.3,.3,.34,.33,.34,.36,.48,
¿ï»ê±¤¿ª½Ã,¿ùÆò±Õ,,.6,0.6,0.5,0.5,0.5,0.4,0.5,0.4,0.4,.4,0.6,.5,0.6,0.6,.6,.5,.5,.5,.5,.5,.4,.5,.5,.6,.6,.5,.5,.5,.5,.5,.4,.4,.4,.4,.6,.6,.6,0.6,.6,.6,.5,.5,.6,.5,.5,.5,.7,.6,.6,.6,.6,.5,.5,.5,.5,.4,.5,.5,.6,.5,.6,.6,0.5,.5,.5,.5,.4,.5,0.4,.4,.5,.5,.5,.6,.5,.4,.4,.4,.4,0.5,.5,.5,.5,.5,.5,.5,.4,.4,.4,.4,.4,.4,.4,.4,.4,.4,.4,.4,.4,.4,.4,.4,.4,.4,.4,.4,.5,.5,.51,.51,.51,.45,.43,.44,.45,.44,.44,.45,.47,.5,
¼¼Á¾Æ¯º°ÀÚÄ¡½Ã,¿ùÆò±Õ,,,,,,,,,,,,,,,,,,,,,,,,,,.8,.9,.8,.6,.5,.4,.5,.5,.5,.5,.7,.7,.7,0.6,.6,.5,.5,.5,.4,.4,.5,.5,.6,.6,.8,.7,.6,.5,.5,.5,.4,.4,.4,.5,.7,.6,.8,.6,0.6,.4,.5,.5,.4,.5,0.4,.5,.5,.6,.7,.5,.4,.4,.5,.5,.5,0.4,.4,.4,.5,.6,.6,.5,.5,.4,.4,.4,.4,.5,.5,.4,.5,.6,.7,.5,.4,.4,.4,.3,.4,.4,.4,.4,.5,.6,.58,.51,.42,.33,.36,.4,.38,.43,.43,.43,.5,.64,
¼ö¿ø,¿ùÆò±Õ,,.9,0.8,0.7,0.7,0.6,0.5,0.6,0.6,0.6,.6,0.8,.8,0.8,0.8,.7,.6,.5,.5,.5,.5,.5,.6,.7,.8,.8,.7,.6,.6,.6,.6,.5,.5,.6,.6,.7,.8,.8,0.7,.7,.6,.5,.5,0.5*,.5,.5,.5,.6,.7,.8,.7,.6,.5,.5,.5,.4,.5,.5,.6,.7,.7,.8,.7,0.7,.5,.6,.5,.5,.5,0.5,.6,.6,.7,.7,.6,.6,.5,.5,.5,.5,0.4,.5,.5,.6,.6,.6,.6,.6,.4,.4,.5,.4,.5,.5,.5,.6,.6,.6,.5,.5,.4,.4,.4,.4,.4,.4,.4,.5,.5,.57,.56,.5,.4,.39,.44,.5,.5,.48,.47,.44,.54,
¾È¾ç,¿ùÆò±Õ,,.8,0.7,0.5,0.5,0.5,0.4,0.4,0.4,0.4,.4,0.6,.6,0.7,0.7,.6,.5,.4,.4,0.3**,.3,.4,.5,.6,.7,.6,.6,.5,.5,.4,.4,.3,.4,.5,.5,.6,.7,.7,0.7,.6,.5,.4,.4,.4,.4,.5,.5,.6,.6,.7,.7,.5,.4,.4,.4,.3,.4,.4,.5,.7,.7,.8,.7,0.6,.5,.5,.4,.4,.4,0.4,.4,.6,.7,.7,.7,.5,.5,.5,.5,.4,0.4,.4,.5,.6,.7,.6,.6,.6,.4,.4,.5,.4,.4,.4,.4,.5,.6,.6,.5,.5,.4,.4,.3,.3,.3,.2,.3,.4,.4,.45,.42,.38,.3,.33,.36,.32,.32,.31,.36,.4,.51,
¼º³²,¿ùÆò±Õ,,.8,0.7,0.6,0.6,0.6,0.5,0.5,0.5,0.5,.5,0.7,.7,0.8,0.8,.7,.5,.5,.5,.4,.5,.5,.6,.6,.8,.7,.6,.6,.6,.5,.5,.5,.5,.6,.6,.7,.8,.8,0.7,.6,.5,.5,.5,.5,.4,.5,.5,.6,.7,.6,.6,.5,.5,.5,.4,.4,.4,.4,.5,.7,.7,.7,.7,0.6,.5,.5,.5,.5,.6,0.5,.5,.6,.7,.8,.6,.5,.5,.5,.5,.5,0.4,.5,.5,.6,.6,.6,.6,.6,.5,.4,.5,.4,.5,.5,.5,.6,.6,.6,.5,.5,.4,.4,.4,.5,.5,.4,.5,.5,.5,.59,.58,.53,.43,.42,.44,.46,.47,.46,.47,.45,.5,
ÀÇÁ¤ºÎ,¿ùÆò±Õ,,1,0.8,0.8,0.6,0.5,0.4,0.4,0.4,0.5,0.5*,0.8,.7,0.8,0.7,.6,.4,.3,.3,.3,.3,.4,.6,.6,.9,.8,.7,.6,.4,.4,.3,.3,.3,.4,.5,.7,.7,.7,0.6,.5,.4,.3,.3,.3,.3,.5,.4,.5,.7,.7,.6,.5,.4,.4,.3,.3,.3,.4,.3,.6,.7,.8,.7,0.7,.5,.5,.4,.4,.4,0.5,.5,.7,.7,.8,.6,.5,.5,.5,.5,.5,0.4,.4,.5,.6,.6,.6,.6,.6,.5,.5,.4,.3,.4,.4,.4,.5,.5,.6,.4,.4,.3,.2,.2,.2,.2,.2,.3,.4,.5,.51,.45,.37,.3,.26,.26,.25,.29,.3,.34,.35,.45,
±¤¸í,¿ùÆò±Õ,,.7,0.7,0.6,0.5,0.5,0.5,0.5,0.5,0.5,.5,0.6,.7,0.8,0.7,.6,.6,.5,.5,.5,.5,.5,.6,.6,.8,.7,.6,.6,.6,.5,.5,.4,.4,.5,.5,.6,.7,.7,0.6,.6,.5,.5,.4,.4,.4,.5,.5,.5,.7,.7,.6,.6,.5,.4,.4,.3,.4,.4,.5,.7,.7,.8,.7,0.6,.5,.5,.4,.4,.4,0.4,.5,.6,.7,.7,.5,.4,.4,.5,.5,.5,0.4,.4,.5,.6,.6,.5,.5,.4,.3,.4,.6,.5,.6,.6,.5,.6,.6,.7,.6,.5,.4,.4,.4,.4,.4,.4,.4,.6,.5,.6,.54,0.49*,0.37*,.43,.46,.48,.51,.46,.41,.42,.56,
¾È»ê,¿ùÆò±Õ,,.8,0.7,0.6,0.6,0.5,0.4,0.5,0.5,0.5,.5,0.6,.6,0.7,0.7,.6,.5,.4,.4,.4,0.4*,.4,.5,.6,.7,.6,.6,.5,.5,.5,.4,.4,0.4*,.4,.5,.5,.6,.6,0.6,.5,.4,.4,.4,.4,.4,.5,.5,.5,.6,.6,.6,.5,.4,.4,.4,.3,.3,.4,.5,.6,.6,.7,.6,0.6,.4,.4,.4,.4,.4,0.5,.5,.6,.6,.7,.6,.5,.4,.4,.4,.3,0.2,.3,.4,.5,.5,.5,.5,.5,.4,.3,.4,.3,.3,.3,.4,.5,.5,.6,.5,.4,.4,.3,.2,.3,.2,.3,.4,.5,.5,.5,.53,.43,.36,.31,.3,.29,.29,.31,.37,.38,.47,
ÆòÅÃ,¿ùÆò±Õ,,.6,0.5,0.4,0.4,0.4,0.3,0.3,0.3,0.3,.3,0.5,.5,0.6,0.6,.5,.4,.4,.3,.3,.5,.4,.5,.5,.6,.6,.5,.5,.5,.4,.4,.3,.4,.4,.4,.5,.5,.5,0.5,.5,.5,.5,.4,.4,.5,.5,.5,.5,.6,.6,.6,.5,0.4*,0.5*,.4,.4,.4,.4,.4,.4,.5,.6,.5,0.5,.4,.4,.3,.3,.3,0.3,.3,.4,.5,.5,.4,.4,.4,.4,.4,.4,0.3,.4,.4,.5,.5,.5,.5,.4,.4,.4,.4,.3,.4,.4,.4,.5,.5,.5,.4,.4,.3,.3,.2,.3,.2,.3,.3,.4,.4,.44,.45,.38,.29,.26,.29,.28,.32,.33,.38,.38,.44,
°úÃµ,¿ùÆò±Õ,,.9,0.8,0.6,0.6,0.6,0.5,0.5,0.5,0.5,.5,0.7,.7,0.9,0.8,.6,.5,.5,.5,.4,.5,.5,.6,.6,.9,.7,.7,.6,.5,.5,.5,.5,.5,.5,.6,.7,.8,.8,0.7,.6,.5,.5,.5,.5,.5,.6,.5,.6,.7,.8,.7,.6,.5,.5,.5,.4,.4,.4,.5,.7,.7,.9,.8,0.7,.5,.5,.5,.5,.5,0.5,.5,.7,.7,.8,.6,.5,.4,.5,.5,.4,0.4,.4,.5,.6,.6,.6,.6,.6,.4,.4,.5,.4,.5,.5,.5,.7,.7,.7,.6,0.5**,0.4*,.3,.3,.3,.3,.3,.4,.5,.6,.63,.58,.51,.38,.38,.4,.39,.41,.44,.41,.51,.64,
±¸¸®,¿ùÆò±Õ,,.8,0.7,0.6,0.5,0.5,0.4,0.3,0.3,0.4,.4,0.6,.7,0.7,0.7,.6,.4,.5,.4,.3,.3,.4,0.6*,.5,.6,.6,.5,.5,.4,.4,.4,.3,.3,.3,.4,.5,.5,.6,0.5,.5,.4,.3,.3,.3,.3,.3,.3,.5,.6,.6,.5,.5,.4,.3,.3,.2,.3,.3,.3,.5,.5,.6,.5,0.5,.4,.4,0.3*,.3,.3,0.3,.3,.4,.5,.5,.4,.4,.4,.4,.4,.4,0.3,.3,.4,.4,.4,.4,.4,.4,.3,.3,.3,.3,.3,.3,.3,.4,0.4*,.3,.3,.2,.2,.2,.2,.2,.2,.2,.2,.3,.3,.39,.36,.33,.26,.2,.21,.28,.28,.29,.35,.36,.41,
ÀÇ¿Õ,¿ùÆò±Õ,,1,0.9,0.7,0.7,0.6,0.5,0.5,0.5,0.5,.5,0.8,.9,1.0,0.9,.8,.6,.5,.5,.5,.5,.5,.6,0.7**,.9,.8,.8,.7,.7,.6,.6,.6,.6,.6,.6,.7,.9,.8,0.8,.7,.6,.5,.5,.5,.5,.6,.6,.6,.8,.8,.7,.6,.5,.5,.5,.5,.5,.5,.5,.7,.7,.8,.7,0.7,.5,.6,.5,.6,.6,0.5,.5,.6,.7,.7,.6,.5,.4,.4,.4,.4,0.3,.4,.4,.5,.5,.6,.6,.6,0.4**,.5,.5,.5,.5,.5,.5,.5,.5,.6,.5,.5,.4,.4,.4,.4,.4,.4,.4,.5,.5,.54,.53,.48,.39,.42,.44,.42,.41,.43,.42,.41,.49,
°í¾ç,¿ùÆò±Õ,,.6,0.6,0.5,0.4,0.4,0.3,0.4,0.3,0.3,.3,0.5,.5,0.6,0.6,.5,.4,.4,.4,.4,.4,.4,.5,.5,.7,.6,.5,.5,.4,.4,.4,.4,.3,.4,.4,.5,.6,.6,0.5,.5,.4,.4,.4,.4,.3,.4,.4,.5,.6,.6,.6,.5,.4,.4,.3,.3,.3,.3,.4,.6,.6,.7,.6,0.5,.4,.5,.4,.3,.3,0.3,.4,.5,.6,.6,.5,.5,.4,.4,.4,.4,0.3,.4,.4,.5,.6,.5,.5,.6,.4,.4,.4,.4,.4,.4,.4,.5,.6,.6,.5,.5,.4,.3,.3,.3,.3,.3,.3,.4,.5,.51,.49,.46,.37,.3,.36,.35,.32,.28,.38,.39,.46,
±¤ÁÖ,¿ùÆò±Õ,,.9,0.7,0.7,0.6,0.5,0.5,0.4,0.6,0.5,.5,0.9,.9,0.9,0.9,.8,.6,.6,.6,.5,.6,.5,.7,.7,.9,.9,.8,.6,.6,.6,.6,.6,.5,.5,.5,.7,.8,.8,0.8,.7,.6,.5,.5,.6,0.5**,.5,.4,.6,.8,.8,.7,.6,.5,.5,.5,.4,.4,.3,.5,.7,.6,.8,.7,0.6,.5,.5,.4,.4,.5,0.4,.4,.6,.7,.7,.5,.4,.3,.3,.4,.4,0.3,.3,.5,.6,.6,.6,.5,.5,.4,.4,.4,.4,.4,.4,.5,.6,.6,.7,.5,.5,.4,.4,.4,.4,.4,.4,.4,.5,.6,.61,.57,.49,.42,.37,.4,.42,.4,.4,.42,.45,.57,
±ºÆ÷,¿ùÆò±Õ,,.7,0.6,0.5,0.5,0.4,0.3,0.4,0.4,0.4,.4,0.6,.6,0.6,0.5,.5,.4,.4,.4,.3,.3,.4,.6,.6,.8,.6,.5,.5,.5,.4,.4,.3,.4,.4,.4,.5,.6,.6,0.5,.5,.4,.4,.3,.3,.3,.4,.4,.5,.5,.6,.6,.4,.4,.3,.3,.3,.4,.4,.5,.7,.6,.7,.6,0.6,.4,.4,.4,.4,0.4*,0.4,.4,.5,.5,.6,.5,.4,.4,.4,.4,.4,0.3,.4,.4,.4,.5,.6,.5,.5,.4,.4,.4,.3,.4,.4,.4,.5,.6,.6,.5,.4,.4,.3,.3,.3,.2,.3,.3,.4,.4,.51,.5,.4,.32,.33,.35,.33,.32,.35,.41,.41,.53,
½ÃÈï,¿ùÆò±Õ,,.9,0.8,0.6,0.6,0.5,0.5,0.5,0.5,0.5,.5,0.7,.7,0.8,0.8,.7,.5,.5,.5,.4,.5,.5,.6,.7,.9,.8,.7,.7,.6,.5,.6,.5,.5,.6,.6,.6,.7,.7,0.7,.7,.5,.5,.5,.5,.5,.6,.5,.6,.7,.7,.6,.6,.5,.5,.5,.4,.5,.5,.5,.7,.7,.8,.7,0.6,.5,.5,.4,.4,.5,0.4,.5,.6,.6,.7,.6,.5,.4,.4,.4,.4,0.4,.4,.5,.6,.6,0.6*,.6,.6,.5,.5,.5,.5,.4,.4,.5,.5,.6,.6,.4,.4,.4,.3,.3,.3,.3,.4,.4,.5,.5,.52,.51,.44,.35,.33,.36,.33,.36,.34,.39,.45,.53,
ºÎÃµ,¿ùÆò±Õ,,.8,0.7,0.6,0.5,0.4,0.4,0.4,0.4,0.5,.5,0.6,.7,0.8,0.7,.6,.5,.5,.4,.3,.4,.4,.6,.6,.7,.6,.6,.5,.5,.4,.4,.4,.4,.4,.5,.6,.6,.6,0.6,.6,.4,.4,.4,.4,.4,.5,.4,.5,.6,.5,.6,.5,.5,0.5*,.4,.4,.4,.4,.5,.7,.6,.7,.7,0.6,.5,.5,.4,.4,.5,0.5,.4,.6,.6,.6,.5,.4,.4,.4,.4,.4,0.4,.4,.6,.6,.7,.6,.5,.5,.4,.4,.4,.4,.4,.4,.4,.5,.6,.6,.5,.5,.4,.4,.4,.4,.4,.4,.4,.5,.5,.57,.53,.48,.37,.36,.39,.4,.41,.4,.48,.51,.64,
³²¾çÁÖ,¿ùÆò±Õ,,.7,0.6,0.5,0.5,0.4,0.4,0.4,0.4,0.3,.3,0.5,.7,0.7,0.7,.6,.5,.4,.4,.4,.4,.4,.5,.5,.7,.7,.6,.5,.5,.4,.4,.4,.4,.4,.5,.6,.6,.6,0.6,.5,.4,.4,.4,.4,.4,.4,.4,.5,.6,.6,.6,.5,.4,.4,.4,.3,.3,.3,0.4*,.5,.6,.7,.6,0.6,.4,.5,.4,.4,.4,0.4,.4,.5,.6,.6,.5,.4,.3,.3,.4,.4,0.3,.4,.4,.5,.5,.5,.5,.4,.3,.3,.3,.3,.3,.3,.3,.4,.4,.5,.4,.4,.3,.3,.2,.3,.3,.2,.3,.4,.4,.47,.43,.38,.31,.26,.28,.27,.25,.25,.32,.33,.4,
¿ëÀÎ,¿ùÆò±Õ,,.9,0.8,0.7,0.6,0.6,0.5,0.5,0.5,0.5,.5,0.7,.7,0.8,0.8,.7,.6,.5,.5,.5,.5,.5,.6,.7,.8,.7,.7,.6,.6,.5,.5,.4,.4,.5,.5,.6,.7,.7,0.7,.7,.6,.5,.5,.5,.5,.5,.5,.6,.7,.7,.7,.6,.5,.5,.4,.4,.4,.4,.5,.6,.6,.7,.6,0.6,.5,.5,.5,.5,.5,0.5,.4,.6,.6,.7,.6,.4,.4,.4,.4,.4,0.4,.4,.5,.5,.6,.6,.5,.5,.4,.4,.5,0.5*,0.5*,0.5*,.5,.5,.5,.6,.5,.4,.4,.3,.4,.4,.4,.4,.4,.5,.5,.53,.49,.45,.36,.35,.38,.44,.46,.44,.44,.44,.5,
±èÆ÷,¿ùÆò±Õ,,.8,0.7,0.6,0.5,0.5,0.4,0.5,0.5,0.5,.5,0.6,.7,0.7,0.7,.6,.5,.4,.4,.3,.4,.4,.5,.6,.7,.6,.6,.5,.5,.4,.4,.4,.3,.4,.5,.6,.6,.6,0.5,.5,.4,.4,.4,.4,.4,.3,.3,.4,.5,.5,.4,.3,.3,.3,.2,.2,.2,.3,.3,.5,.5,.6,.5,0.5,.3,.3,.3,.3,.3,0.3,.4,.4,.5,.5,.5,.4,.4,.4,.4,.4,0.3,.3,.4,.5,.5,.5,.5,.5,.4,.3,.3,.3,.3,.3,0.4*,0.5*,0.6*,.5,.4,.4,.4,.3,.3,.3,.3,.3,.3,.4,.4,.45,.44,.4,.34,.27,.31,.33,.34,.3,.36,.38,.52,
¿À»ê,¿ùÆò±Õ,,.7,0.6,0.5,0.5,0.5,0.4,0.4,0.4,0.4,.4,0.6,.6,0.7,0.7,.6,.5,.4,.4,.4,.5,.5,.6,.5,.7,.6,.5,.5,.5,.4,.4,.4,.4,.4,.5,.6,.6,.7,0.6,.6,.5,.4,.4,.4,.3,.4,.4,.5,.6,.7,.6,.5,.4,.4,.4,.3,.3,.3,.4,.6,.6,.7,.6,0.6,.4,.4,.4,.3,.4,0.4,.4,.5,.6,.6,.4,.3,.3,.3,.3,.4,0.3,.4,.5,.5,.6,.5,.5,.5,.4,.4,.4,.3,.4,.4,.4,.5,.5,.5,.4,.4,.3,.2,.2,0.2**,.3,.3,.4,.4,.4,.49,.5,.43,.35,.31,.32,.3,.31,.32,.39,.38,.45,
ÇÏ³²,¿ùÆò±Õ,,.8,0.7,0.6,0.5,0.5,0.4,0.4,0.4,0.4,.4,0.6,.6,0.7,0.7,.6,.5,.4,.4,.4,.4,.4,.5,.5,.7,.7,.6,.6,.5,.5,.4,.4,.4,.4,.5,.6,.6,.7,0.6,.6,.5,.4,.4,.4,.3,.4,.4,.5,.6,.7,.6,.5,.4,.4,.4,.3,.3,.3,.4,.6,.6,.8,.7,0.6,.4,.5,.4,.3,.4,0.3,.4,.5,.6,.6,.5,.5,.4,.4,.4,.4,0.3,.3,.4,.5,.6,.6,.6,.5,.4,.4,.4,.3,.3,.3,.3,.5,.5,.6,.5,.4,.3,.3,.2,.3,.3,.2,.3,.4,.4,.49,.47,.41,.32,.29,.31,.29,.28,.29,.33,.35,.42,
È­¼º,¿ùÆò±Õ,,.6,0.6,0.5,0.4,0.4,0.3,0.3,0.4,0.4,.4,0.5,.5,0.6,0.6,.6,.4,.4,.4,.3,.4,.4,.5,.5,.6*,.5,.5,.4,.4,.3,.3,.3,.3,.4,.4,.5,.5,.6,0.5,.5,.4,.3,.3,.3,.3,.4,.4,.4,.5,.6,.5,.4,.4,.3,.3,.3,.3,.4,.5,.6,.6,.6,.6,0.5,.4,.5,.4,.4,.4,0.4,.4,.5,.5,.6,.5,.4,.4,.4,.5,.4,0.3,.4,.5,.5,.5,.5,.5,.5,.4,.4,.4,.3,.4,.4,.4,.5,.4,.5,.4,.4,.3,.3,.3,.3,.3,.3,.3,.4,.4,.4,.42,.36,.31,.3,.28,.27,.29,.3,.36,.36,.42,
¾çÁÖ,¿ùÆò±Õ,,.8,0.8,0.6,0.4,0.4,0.4,0.4,0.3,0.3,.3,0.4,.5,0.7,0.6,.5,.4,.3,.3,.2,.4,.5,.6,.6,.8,.8,.6,.5,.5,.3,.4,.3,.4,.4,.4,.6,.7,.7,0.7,.6,.5,.4,.4,.4,.3,0.3**,.3,.5,.6,.6,.5,.4,.3,.3,.3,.3,.3,.3,.4,.5,.5,.6,.5,0.5,.4,.4,.3,.3,.3,0.3,.4,.5,.5,.5,.4,.4,.4,.4,.4,.3,0.3,.3,.4,.5,.6,.5,.5,.4,.4,.4,.4,.3,.4,.4,.4,.5,.5,.5,.4,.4,.3,.3,.2,.2,.3,.3,.3,.4,.4,.49,.46,.37,.3,.26,.29,.28,.28,.31,.37,.36,.43,
µ¿µÎÃµ,¿ùÆò±Õ,,.8,0.6,0.7,0.5,0.4,0.3,0.3,0.3,0.3,.3,0.6,.7,0.7,0.7,.5,.4,.3,.3,.3,.3,.3,.4,.4,.6,.7,.6,.6,.5,.4,.4,.3,.3,.3,.4,.6,.7,.7,0.7,.6,.5,.4,.3,.4,0.4**,.4,.4,.6,.8,.6,.6,.4,.3,.3,.3,.2,.3,.4,.4,.5,.6,.7,.5,0.5,.3,.4,.3,.2,.3,0.3,.3,.5,.6,.4,.4,.4,.4,.3,.4,.3,0.3,.4,.5,.5,.6,.5,.5,.4,.3,.4,.4,.3,.4,.4,.4,.5,.5,.5,.4,.3,.3,.3,.2,0.2*,0.3*,.3,.3,.4,.5,.48,.51,.42,.3,.24,.25,.24,.23,.26,.34,.36,.45,
¾È¼º,¿ùÆò±Õ,,.6,0.5,0.5,0.4,0.4,0.3,0.3,0.3,0.3,.3,0.5,.5,0.6,0.6,.5,.4,.4,.3,.2,.3,.3,.4,.4,.5,.5,.4,.4,.4,.4,.3,.3,.3,.3,.4,.4,.5,.5,0.5,.5,.4,.3,.3,.3,.3,.3,.3,.4,.4,.5,.5,.4,.3,.3,.3,.2,0.3*,.4,.4,.6,.5,.6,.6,0.6,.4,.5,.5,.5,.6,0.5,.4,.4,.5,.6,.4,.4,.3,.3,.4,.4,0.4,.4,.5,.5,.5,.6,.5,.5,.4,.4,.4,.4,.5,.5,.4,.5,.5,.6,.5,.5,.4,.4,.4,.4,.4,.4,.4,.5,.5,.54,.51,.48,.42,.4,.4,.38,.42,.42,.44,.44,.51,
ÀÌÃµ,¿ùÆò±Õ,,.8,0.7,0.5,0.4,0.4,0.3,0.3,0.3,0.3,.3,0.6,.6,0.6,0.7,.5,.4,.3,.3,.3,.3,.3,.4,.6,.7,.7,.7,.6,.4,.4,.4,.3,0.3*,.3,.4,.6,.7,.7,0.6,.5,.4,.3,.3,.3,.3,.4,.4,.5,.5,.6,.5,.4,.3,.3,.3,.3,.3,.3,.4,.7,.7,.8,.6,0.5,.4,.5,.4,.4,.4,0.4,.4,.6,.7,.6,.6,.5,.4,.4,.4,.4,0.3,.4,.5,.5,.5,.5,.5,.4,.3,.3,.4,.3,.3,.3,.4,.5,.5,.5,.4,.3,.3,.2,.2,.3,.2,.2,.2,.4,.3,.36,.37,.33,.25,.25,.28,.27,.28,.26,.3,.37,.47,
ÆÄÁÖ,¿ùÆò±Õ,,1,0.9,0.6,0.5,0.5,0.5,0.5,0.4,0.5,.5,0.6,0.7*,0.9,0.8,.7,.6,.5,.5,.5,.5,.5,.6,.6,.8,.8,.6,.6,.5,.5,.5,.5,.5,.6,.6,.7,.8,.8,0.7,.7,.5,.5,.4,.5,.5,.5,.5,.6,.7,.7,.7,.6,.5,.5,.4,.4,.5,.4,.5,.7,.7,.9,.7,0.6,.5,.5,.4,.5,.5,0.4,.4,.6,.6,.7,.5,.5,.4,.4,.5,.5,0.4,.4,.4,.5,.6,.6,.5,.5,.4,.4,.4,.4,.5,.5,.5,.6,.6,.7,.5,.5,.4,.4,.3,.4,.4,.3,.3,.5,.5,.56,.55,0.48*,0.41*,0.37*,0.36*,0.40*,0.43*,.39,.41,.47,.53,
Æ÷Ãµ,¿ùÆò±Õ,,.9,0.7,0.5,0.5,0.4,0.3,0.3,0.3,0.4,.4,0.7,.8,0.8,0.7,.6,.5,.4,.4,.3,.4,.4,.5,.5,.8,.8,.7,.6,.5,0.4**,.3,.3,.3,.3,.4,.6,.8,.8,0.6,.5,.4,.4,.3,.3,.3,.4,.4,.6,.7,.7,.6,.5,.4,.3,.3,.2,.3,.3,.4,.6,.6,.8,.7,0.6,.4,.4,.3,.3,.3,0.3,.4,.5,.6,.7,.6,.5,.4,.4,.3,.3,0.3,.3,.4,.5,.6,.6,.5,.5,.3,.3,.3,.3,.3,.3,.4,.5,.5,.6,.5,.4,.3,.3,.2,.2,.3,.2,.3,.4,.5,.58,.53,.43,.31,.26,.26,.26,.24,.24,.32,.35,.46,
¿©ÁÖ,¿ùÆò±Õ,,.8,0.7,0.5,0.4,0.4,0.3,0.3,0.3,0.3,.3,0.6,.7,0.7,0.7,.6,.4,.4,.3,.3,.3,.3,.4,.5,.7,.7,.6,.5,.4,.4,.4,.4,.4,.4,.5,.7,.8,.8,0.6,.5,.4,.4,.4,.4,.4,.4,.4,.5,.6,.7,.6,.5,.4,.4,.3,.4,.4,.4,.5,.7,.8,.8,.7,0.6,.5,.5,.3,.3,.4,0.3,.4,.6,.8,.6,.6,.5,.4,.4,.4,.4,0.3,.4,.5,.5,.6,.5,.5,.4,.3,.3,.4,0.3*,.3,.3,.4,.5,.5,.5,.4,.4,.3,.3,.2,.3,.2,.2,.3,.4,.4,.44,.41,.34,.27,.23,.24,.23,.23,.25,.32,.36,.47,
¿¬Ãµ,¿ùÆò±Õ,,.6,0.6,0.5,0.4,0.4,0.3,0.3,0.3,0.3,.3,0.5,.6,0.6,0.6,.5,.4,.3,.3,.3,.3,.3,.4,.4,.6,.6,.5,.4,.4,.3,.3,.3,.3,.3,.4,.5,.5,.6,0.6,.5,.5,.4,.3,.4,.3,.4,.4,.5,.5,.6,.5,.5,.4,.4,.3,.3,.3,.3,.4,.6,.6,.7,.5,0.5,.4,.5,.4,.4,.3,0.3,.4,.5,.5,.6,.5,.4,.3,.4,.4,.4,0.4,.3,.5,.5,.6,.6,.6,.5,.4,.4,.4,.4,.4,.4,.4,.5,.6,0.5**,0.4**,0.5*,.3,0.3*,.3,.4,0.4*,.3,.4,.5,.4,.43,.42,.35,.35,.32,.36,.39,.37,.31,.31,.46,.46,
°¡Æò,¿ùÆò±Õ,,.6,0.7,0.6,0.4,0.4,0.3,0.3,0.3,0.3,.3,0.5,.5,0.6,0.5,.4,.4,.3,.3,.3,.3,.3,.4,.4,.5,.5,.5,.4,.4,.3,.3,.4,.4,.4,.4,.5,.6,.6,0.7,.7,.4,.3,.3,.4,.3,.3,.3,.4,.5,.5,.5,.5,.4,.4,.4,.3,.3,.3,.4,.5,.5,.7,.6,0.6,.4,.5,.4,.3,.3,0.3,.4,.5,.6,.6,.6,.5,.4,.4,.4,.3,0.3,.3,.4,.5,.5,.5,.5,.4,.3,.3,.3,.3,.3,.3,0.4**,0.5**,.7,.7,.5,.4,.4,.3,.3,.4,.4,.3,.3,.5,.5,.58,.52,.44,.39,.35,.38,.37,.32,.32,.42,.46,.57,
¾çÆò,¿ùÆò±Õ,,.8,0.6,0.6,0.5,0.5,0.4,0.4,0.4,0.4,.4,0.6,.6,0.7,0.7,.5,.4,.4,.4,.3,.4,.4,.5,.5,.6,.7,.7,.6,.5,.5,.4,.4,.4,.4,.4,.6,.6,.7,0.6,.5,.4,.4,.4,.4,.3,.4,.3,.5,.6,.7,.6,.5,.4,.4,.4,.3,.3,.3,.4,.5,.5,.7,.6,0.5,.4,.4,.4,.4,.4,0.4,.4,.5,.6,.6,.6,.5,.4,.3,.4,.4,0.4,.4,.4,.5,.7,.6,.6,.5,.4,.4,.4,.3,.4,.4,.4,.6,.6,.7,.6,.4,.4,.3,.3,.3,.3,.3,.3,.4,.5,.48,.46,.39,.32,.3,.3,.3,.29,.3,.39,.45,.5,
µµÆò±Õ,¿ùÆò±Õ,,.8,0.7,0.6,0.5,0.5,0.4,0.4,0.4,0.4,.4,0.6,.7,0.7,0.7,.6,.5,.4,.4,.4,.4,.4,.5,.6,.7,.7,.6,.6,.5,.5,.4,.4,.4,.5,.5,.6,.7,.7,0.6,.6,.5,.4,.4,.4,.4,.5,.4,.5,.6,.6,.6,.5,.4,.4,.4,.3,.4,.4,.5,.6,.6,.7,.6,0.6,.4,.5,.4,.4,.4,0.4,.4,.6,.6,.6,.5,.5,.4,.4,.4,.4,0.3,.4,.5,.5,.6,.6,.5,.5,.4,.4,.4,.4,.4,.4,.4,.5,.5,.6,.5,.4,.4,.3,.3,.3,.3,.3,.4,.4,.5,.5,.49,.42,.34,.32,.34,.34,.35,.35,.39,.41,.49,
¾ç±¸,¿ùÆò±Õ,,,,,,,,,,,,,,,,,,,,,,,,,,,,,,,,,,,,,,,,,,,,,,,,,,,,,,,,,,,,,,,0.6*,0.5,.5,.4,.4,.4,.5,0.4,.4,.5,.6,.6,.5,.5,.4,.4,.4,.5,0.5,.4,.5,.5,.5,.6,.6,.6,.4,.4,.4,.4,.5,.5,.4,.5,.5,.6,.4,.4,.4,.3,.4,.5,.4,.3,.3,.4,.6,.57,.51,.42,.38,.37,0.38*,.33,.24,.29,.33,.43,.47,
°í¼º,¿ùÆò±Õ,,,,,,,,,,,,,,,,,,,,,,,,,,,,,,,,,,,,,,,,,,,,,,,,,,,,,,,,,,,,,.4,.5,.4,0.5,.6,.5,.4,.4,.3,0.3,.3,.4,.5,.5,.5,.4,.3,.3,.4,.4,0.3,.3,.3,.3,.3,.4,.5,.5,.4,.4,.4,.4,.4,.4,.3,.4,.4,.5,.4,.5,.4,.4,.4,.4,.4,.2,.2,.3,.3,.41,.4,.39,.39,.38,.32,.43,.42,.4,.32,.28,.34,
Á¤¼±,¿ùÆò±Õ,,,,,,,,,,,,,,,,,,,,,,,,,,,,,,,,,,,,,,,,,,,,,,,,,,,,,,,,,,,,,,.6,.5,0.4,.3,.4,.3,.4,.4,0.3,.3,.5,.7,.6,.4,.3,.3,.3,.4,.4,0.4,.5,.4,.3,.5,.5,.4,.5,.3,.3,.4,.4,.4,.4,.3,.5,.4,.4,.3,.4,.3,.3,.3,.3,.2,.2,.3,.4,.4,.47,.44,.38,.27,.25,.26,.3,.29,.29,.26,.33,.39,
È¾¼º,¿ùÆò±Õ,,,,,,,,,,,,,,,,,,,,,,,,,,,,,,,,,,,,,,,,,,,,,,,,,,,,,,,,,,,,,.6,1.2,.6,0.6,.5,.5,.3,.3,.4,0.4,.4,.4,.6,.6,.4,.4,0.4*,.4,.4,.4,0.3,.4,.3,.5,.5,.6,.5,.5,.4,.4,.3,.3,.4,.4,.4,.5,.6,.7,.5,.5,.4,.5,.4,.3,.4,.3,.3,.5,.6,.57,.49,.43,.33,.34,.4,.44,0.53*,,0.45**,0.57**,.52,
ÃáÃµ,¿ùÆò±Õ,,1.1,0.9,0.6,0.5,0.4,0.3,0.5,0.5,0.6,.6,0.8,.9,1.0,0.8,.7,.5,.4,.3,.3,.4,.5,.6,.8,1.0*,0.9**,0.8**,0.6**,0.4**,0.3**,0.3**,0.3**,0.4**,0.4**,0.6**,0.9**,0.9**,0.8**,0.8,.6,.4,.4,.3,.4,.3,.5,.5,.6,.8,.8,.7,.5,.4,.4,.4,.3,.3,.4,.4,.6,.7,.9,.7,0.6,.4,.4,.3,.3,.4,0.4,.4,.6,.7,.7,.6,.5,.4,.3,.4,.4,0.4,0.4*,0.5*,0.6*,.6,.7,.6,.5,.4,.4,.3,.3,.4,.4,.4,.6,.6,.7,.5,.5,.3,.3,.3,.3,.4,.2,.3,.5,.6,.64,.52,.47,.33,.34,.35,0.43*,0.33*,0.27*,0.33*,0.45*,0.53*,
°­¸ª,¿ùÆò±Õ,,.7,0.8,0.5,0.5,0.3,0.2,0.3,0.2,0.7,.7,0.8,.6,0.8,0.6,.6,.4,.4,.3,.3,.3,.4,.4,.5,.6,.6,.8,.5,.4,.4,.3,.3,.3,.4,.5,.7,.6,.6,0.5,.4,.3,.3,.3,.2,.3,.5,.5,.6,.6,.5,.5,.4,.3,.3,.3,.2,.3,.3,0.2**,.3,.3,.3,.4,0.3,.3,.3,.3,.3,.4,0.2,0.2*,,.4,.5,0.6*,.4,.3,.5,.4,.5,0.5,.5,.5,.4,.4,.4,.3,.5,.3,.4,.4,.3,.2,.2,.3,.3,.3,.4,.4,.3,.2,.2,.2,.2,.2,.3,.3,.4,.5,.45,.5,.46,.39,.32,.26,.26,.24,.28,.4,.42,0.46*,
¿øÁÖ,¿ùÆò±Õ,,1.6,1.2,1.0,0.6,0.5,0.4,0.3,0.4,0.5,.5,1.1,1.2,1.3,1.1,.8,.6,.5,.4,.3,.4,.4,.6,.8,1.1,1.2,.9,.7,.5,.5,.5,.5,.4,.4,.5,.8,1,1,0.8,.6,.4,.3,.4,.4,.3,.3,.4,.7,.9,.9,.9,.6,.4,.3,.2,.2,.2,.2,0.4*,.6,.8,.9,.7,0.5,.3,.4,.3,.3,.3,0.3,.4,.6,.7,.6,.6,.5,.5,0.4*,0.4*,.3,0.3,.3,.4,.5,.7,.6,.6,.5,.4,.4,.4,.3,.3,.3,.4,.5,.5,.7,.6,.5,.4,.4,.4,.4,.3,.4,.4,.5,.6,.62,.57,.5,.37,.34,.35,.33,.3,.28,.38,.44,.52,
µ¿ÇØ,¿ùÆò±Õ,,.7,0.8,0.6,0.6,0.5,0.3,0.6,0.6,0.6,.6,0.7,.6,0.7,0.6,.7,.6,.4,.4,.3,.5,.5,.6,.5,.6,.6,.6,.5,.4,.4,.4,.4,.5,.5,.5,.6,.5,.5,0.5,.4,.4,.4,.3,.4,0.4*,0.7**,.6,.6,.5,.5,.5,.4,.4,.3,.4,.3,.4,.3,.3,.5,.5,.4,.5,0.4,.4,.5,.4,.4,.5,0.4,.4,0.4*,.5,.5,.5,.4,.4,.4,.3,.3,0.4,.4,.5,.4,.4,.5,.5,.4,.4,.4,.4,.5,.5,.5,.4,.4,.4,.5,.4,.5,.4,.4,.3,.3,.4,.2,.3,.4,.3,.38,.42,.37,.34,.32,.29,.35,.29,.31,.37,.32,.36,
»ïÃ´,¿ùÆò±Õ,,.8,0.7,0.6,0.4,0.3,0.3,0.4,0.4,0.5,.5,0.8,.7,0.8,0.7,.7,.5,.4,.5,.4,.4,.4,.6,.6,.6,.7,.5,.6,.4,.4,.5,.4,.4,.4,.5,.5,.5,.5,0.5,.4,.4,.4,.3,.3,.3,0.3**,.4,.4,.5,.5,.5,.4,.4,.3,.3,.3,.3,.3,.5,.4,.4,.4,.4,0.4,.3,.4,.4,.3,.3,0.3,.3,.4,.4,.4,.4,.4,.3,.3,.3,.3,0.3,.3,.3,.4,.4,.4,.4,.4,.4,.3,.3,.3,.3,.3,.3,.4,.4,.4,.4,.4,.3,.3,.3,.3,.3,.2,.3,.4,.3,.41,.41,.39,.32,.33,.31,.32,.28,.31,.31,.33,.36,
ÆòÃ¢,¿ùÆò±Õ,,,,,,,,,,,,,,,,,,,,,,,,,,,,,,,,,,,,,,,,,,,,,,,,,,.9,.6,.6,.5,.4,.3,.2,.2,.3,.4,.6,.4,.5,.4,0.4,.3,.4,.2,.2,.3,0.3,.5,.5,.5,.3,.4,.3,.3,.2,.2,.3,0.2,.3,.4,.4,.5,.6,.5,.4,.3,.4,.3,0.3*,.3,.3,.3,.4,.4,.5,.4,.4,.3,.2,.2,.2,.3,.4,.4,.4,.5,.45,.47,.37,.21,.27,.3,.29,.21,.22,.24,.3,.38,
¾ç¾ç,¿ùÆò±Õ,,,,,,,,,,,,,,,,,,,,,,,,,,,,,,,,,,,,,,,,,,,,,,,,,,,,,,,,,,,,,,.6,.6,0.5,.4,.5,.5,.3,.4,0.4,.4,.4,.4,0.4*,.5,.4,.4,.4,.5,.4,0.4,.4,.4,.4,.4,.5,.5,.5,.4,.5,.5,.6,.6,.6,.4,.5,.4,.5,.5,.5,.4,0.5*,.4,0.4*,.4,.2,.3,.4,.4,.44,.5,.44,.43,.43,.39,0.45**,0.42*,.48,.35,.35,.36,
¼ÓÃÊ,¿ùÆò±Õ,,,,,,,,,,,,,,,,,,,,,,,,,,,,,,,,,,,,,,,,,,,,,,,,,,,,,,,,,,,,,,0.6*,.7,0.6,.5,.4,.3,.3,.3,0.3,.4,.6,.6,.6,.6,.5,.3,.4,.4,.3,0.4,.4,.3,.4,.4,.5,.5,.5,.4,.3,.4,.4,.4,.4,.4,.4,.4,.5,.4,.4,.3,.2,.2,.2,.2,0.4*,.4,.4,.3,.33,.39,.31,.25,.28,.29,.29,.25,.25,.29,.31,.38,
¿µ¿ù,¿ùÆò±Õ,,,,,,,,,,,,,,,,,,,,,,,,,,,,,,,,,,,,,,,,,,,,,,,,,,,,,,,,,,,,,,.5,.5,0.5,.4,.4,.4,.4,.5,0.4,.4,.4,.5,.5,.4,.4,.4,.4,.4,.3,0.4,.4,.5,.6,.5,.5,.4,.4,.4,.5,.5,.5,.5,.5,.3,.5,.5,.5,.4,.5,.4,.4,.5,.6,.7,.3,.3,.4,.5,.52,.49,.48,.42,.54,.59,.65,.54,.48,.52,.46,.43,
Ã¶¿ø,¿ùÆò±Õ,,,,,,,,,,,,,,,,,,,,,,,,,,,,,,,,,,,,,,,,,,,,,,,,,,,,,,,,,,,,,,.7,.6,0.6,.4,.5,.4,.4,.4,0.4,.3,.4,.6,.6,.6,.5,.4,.3,.4,.4,0.4,.4,.4,.4,.4,.5,.5,.5,.4,.4,.4,.4,.4,.4,.4,.5,.4,.5,.4,.4,.3,.3,.2,.3,.3,.2,.3,.4,.2,.21,.25,.19,.18,.19,.2,.21,.19,.21,.23,.26,.32,
È«Ãµ,¿ùÆò±Õ,,,,,,,,,,,,,,,,,,,,,,,,,,,,,,,,,,,,,,,,,,,,,,,,,,,,,,,,,,,,,,,.6,0.6,.5,.5,.4,.3,.4,0.3,.4,.3,.6,.6,.6,.5,.4,.3,.4,.4,0.4,.4,.4,.5,.7,.6,.5,.4,.4,.3,.4,.4,.4,.4,.4,.5,.4,.5,.4,.3,.2,.2,.2,.3,.2,.2,.3,.4,.5,.54,.48,.37,.28,.25,.21,.21,.22,.23,.27,.35,.43,
È­Ãµ,¿ùÆò±Õ,,,,,,,,,,,,,,,,,,,,,,,,,,,,,,,,,,,,,,,,,,,,,,,,,,,,,,,,,,,,,,,.7,0.7,.5,.5,.3,.3,.4,0.4,.4,.5,.7,.6,.5,.4,0.5**,.4,.4,0.5*,0.4,.3,.4,.4,.6,.5,.6,.4,.3,.3,.3,.3,.4,.4,.3,.4,.4,.5,.5,.3,.3,0.3*,.3,.3,.3,.3,.3,.4,.4,.59,.47,.41,.34,.29,.26,.32,.33,0.29*,.27,.3,.43,
ÅÂ¹é,¿ùÆò±Õ,,,,,,,,,,,,,,,,,,,,,,,,,,,,,,,,,,,,,,,,,,,,,,,,,,,,,,,,,,,,,,,.4,0.3,.4,.3,.3,.3,.3,0.3,.3,.4,.6,.6,.5,.4,.3,.3,.2,.3,0.2,.5,.4,.5,.8,.6,.4,.4,.4,.3,.3,.3,.2,.2,.3,.4,.4,.5,.4,.3,.3,.3,.2,.2,.3,.4,.5,.5,.7,.6,.59,.49,.29,.3,.3,.22,.28,.39,.49,.47,.55,
ÀÎÁ¦,¿ùÆò±Õ,,,,,,,,,,,,,,,,,,,,,,,,,,,,,,,,,,,,,,,,,,,,,,,,,,,,,,,,,,,,,,,,,0.4*,.5,.5,.5,.5,0.4,.4,.5,.4,.5,.4,.4,.4,.3,.3,.4,0.6,.4,.4,0.4*,.3,.5,.5,.4,.3,.5,.4,.5,.5,.5,.5,.6,.5,.6,.3,.3,.3,.3,.3,.4,.3,.3,.3,.3,.3,.38,.39,.33,.28,.25,.28,.32,.3,.28,.29,.3,.35,
µµÆò±Õ,¿ùÆò±Õ,,1.1,0.9,0.7,0.6,0.4,0.3,0.4,0.4,0.5,.5,0.9,.9,1.0,0.8,.7,.5,.4,.4,.3,.4,.5,.6,.7,.9,.9,.7,.6,.4,.4,.4,.4,.4,.4,.5,.7,.8,.7,0.7,.5,.4,.4,.3,.3,.3,0.4*,.5,.6,.7,.7,.7,.5,.4,.3,.3,.2,.3,.3,0.4*,.6,.6,.7,.6,0.5,.4,.4,.3,.3,.4,0.3,.4,.5,.6,.5,.5,.4,.4,.3,.4,.4,0.4,.4,.4,.4,.5,.5,.5,.5,.4,.4,.4,.4,.4,.4,.4,.5,.5,.6,.5,.4,.3,.3,.3,.3,.3,.3,.3,.4,.5,.51,.48,.42,.33,.33,.33,.34,.31,.3,.34,.39,.44,
±«»ê,¿ùÆò±Õ,,,,,,,,,,,,,,,,,,,,,,,,,,,,,,,,,,,,,,,,,,,,,,,,,,,,,,,,,,,,,,,.6,0.6,.4,.4,.4,.4,.4,0.3,.4,.5,.6,.6,.6,.5,.4,.4,.3,.3,0.3,.4,.4,.4,.5,.5,.5,.4,.4,.4,.4,.3,.3,.3,.4,.5,.5,.5,.4,.4,.3,.3,.2,.3,.2,.2,.3,.4,.4,.41,.4,.35,.29,.26,.27,.25,.28,.3,.31,.34,.46,
À½¼º,¿ùÆò±Õ,,,,,,,,,,,,,,,,,,,,,,,,,,,,,,,,,,,,,,,,,,,,,,,,,,,,,,,,,,,,,,,.6,0.5,.4,.4,.4,.4,.3,0.3,.4,.5,.6,.6,.5,.4,.3,.4,.4,.3,0.3,.3,.3,.4,.5,.6,.5,.4,.4,.4,.4,.3,.4,.4,.4,.5,.5,.5,.4,.4,.4,.4,.4,.5,.4,.4,.3,.4,.4,.45,.43,.4,.32,.31,.33,.31,.37,.31,.37,.36,.43,
Ã»ÁÖ,¿ùÆò±Õ,,0.9*,0.7,0.5,0.4,0.4,0.3,0.3,0.3,0.4,.4,0.6,.7,0.8,0.7,.6,.5,.4,.4,.3,.3,.3,.5,.5,.7,.7,.7,.5,.4,.4,.3,.3,.3,.4,.4,.6,.7,.7,0.6,.6,.5,.4,.5,.4,.4,.4,.4,.5,.7,.7,.6,.5,.4,.4,.4,.3,.3,.3,.4,.6,.6,.7,.5,0.5,.3,.3,.3,.3,.4,0.4,.4,.5,.6,.6,.6,.5,.4,.4,.3,.3,0.3,.3,.4,.5,.6,.6,.5,.5,.4,.4,.4,.3,.3,.3,.4,.5,.5,.5,.5,.5,.4,.4,.3,.3,.3,.2,.3,.4,.4,.47,.48,.45,.36,.32,.33,.33,.35,.35,.4,.44,.54,
ÃæÁÖ,¿ùÆò±Õ,,1,0.8,0.6,0.4,0.3,0.3,0.2,0.3,0.4,.5,0.8,.8,1.0,0.8,.6,.4,.3,.3,.2,.2,.2,.4,.5,.8,.7,.7,.6,.4,.4,.3,.2,.2,.3,.4,.6,.7,.7,0.6,.5,.4,.3,.3,.2,0.2**,.4,.4,.6,.8,.8,.7,.5,.4,.4,.3,.3,.3,.3,.3,.6,.7,.8,.7,0.6,.4,.4,0.3**,.3,.5,0.4,.5,.6,.7,.7,.6,.4,.4,.4,.4,.3,0.3,.4,.4,.5,.6,.6,.6,.6,.5,.4,.4,.4,.3,.3,.4,.5,.5,.6,.5,.5,.4,.4,.4,.4,.4,.3,.4,.5,.6,.61,.6,.51,.4,.41,.35,.35,.37,.34,.42,.53,.6,
Á¦Ãµ,¿ùÆò±Õ,,.9,0.7,0.7,0.5,0.4,0.3,0.5,0.4,0.4,.6,0.9,1.1,1.0,0.9,1,.5,.6,.4,.3,.4,.4,.6,.7,1,1,.9,.8,.6,.6,.3,.4,.4,.5,.6,.9,1,1,0.9,.8,.6,.5,.5,.4,.4,.5,.6,.9,1.1,1.1,1,.8,.6,.5,.4,.2,.4,.3,.5,.5,.7,.7,.6,0.5,.4,.3,.3,.2,.2,0.3,.4,.7,.9,.8,.7,.5,.4,.4,,.5,0.3,.4,.4,.6,.8,.7,.6,.5,.4,.5,.5,.5,.5,.5,.5,.6,.6,.7,.6,.5,.4,.4,.4,.4,.4,.5,.5,.7,.7,.73,.63,.55,.44,.43,.37,.41,.41,.4,.54,.56,.68,
Ã»¿ø,¿ùÆò±Õ,,.7,0.5,0.5,0.4,0.4,0.4,0.3,0.3,0.3,.4,0.5,.5,,,,,,,,,,,,,,,,,,,,,,,,,,,,,,,,,,,,,,,,,,,,,,,,,,,,,,,,,,,,,,,,,,,,,,,,,,,,,,,,,,,,,,,,,,,,,,,,,,,,,,,,,,,,,
´Ü¾ç,¿ùÆò±Õ,,1,0.7,0.7,0.5,0.4,0.3,0.4,0.3,0.4,.5,0.7,.8,0.8,0.7,.6,.4,.4,.5,.4,.4,.3,.4,.6,.8,.9,.7,.7,.4,.3,.3,.3,.3,.4,.7,1.1,1.3,1.2,1.0,.9,.7,.7,.7,.4,.3,.5,.5,.8,.9,.9,.8,.6,.5,.4,.4,.4,.4,.4,,0.8*,.8,.7,.6,0.4,.3,.4,.3,.3,.4,0.3,.3,.6,.7,.7,.6,.5,.5,.5,.4,.4,0.4,.4,.5,.6,.7,.6,.6,.5,.5,.5,.4,.4,.4,.4,.5,.6,.7,.7,.5,.5,.5,.4,.4,.4,.4,.4,.5,.6,.7,.73,.72,.59,.41,.38,.39,.39,.34,.37,.6,.56,.65,
ÁøÃµ,¿ùÆò±Õ,,,,,,,,,,,,,,,,,,,,,,,,,,,,,,,,.4,.4,.4,.4,.6,.7,.6,0.5,.4,.4,.4,.4,.2,.4,.4,.5,.6,.7,.8,.8,.8,.5,.5,.4,.3,.2,.3,.5,.7,.7,.9,.8,0.4,.4,.3,.4,.4,.4,0.4,.5,.5,.6,.7,.6,.5,.4,.4,.4,.4,0.3,.3,.5,.5,.6,.6,.5,.5,.4,.4,.4,.3,.4,.4,.5,.5,0.4*,.4,.4,.4,.4,.3,.3,.4,.3,.3,.4,.4,.4,.44,.41,.38,.29,.25,.25,.24,.3,.31,.38,.37,.49,
¿ÁÃµ,¿ùÆò±Õ,,,,,,,,,,,,,,,,,,,,,,,,,,,,,,,,,,,,,,,,,.4,.4,0.2*,.2,.6,.5,.4,.4,.5,.7,.6,.5,.2,.3,.3,.3,.4,.3,.3,.5,.6,.7,.9,0.6,.4,.4,.3,.3,.2,0.2,.4,.6,0.8*,.5,.9,.5,.4,.4,.4,.3,0.3,.4,.5,.4,.5,.6,.6,.6,.4,0.5*,0.6**,.4,.4,.4,.5,.5,.7,.7,.5,.5,.4,.4,.4,.5,.4,.3,.3,.4,.4,.43,.47,.41,.43,.42,.42,.31,.36,.38,.36,.45,.58,
¿µµ¿,¿ùÆò±Õ,,,,,,,,,,,,,,,,,,,,,,,,,,,,,,,,,,,,,,,,,,,,,,,,,,,,,.3,.2,.3,.3,.4,.3,.3,.6,.4,.5,.6,0.5,.4,.4,.3,.3,.4,0.2,.2,.4,.6,.6,.6,.4,.3,.4,.4,.3,0.3,.4,.4,.5,.6,.5,.6,.4,.3,.3,.3,.2,.3,.3,.3,.5,0.5*,.5,.4,.3,.2,.2,.2,.2,.3,.2,.3,.4,.5,.46,.46,.36,.32,.25,.22,.24,.28,.32,.34,.4,.5,
ÁõÆò,¿ùÆò±Õ,,,,,,,,,,,,,,,,,,,,,,,,,,,,,,,,,,,,,,,,,,,,,,,,,,,,,.3,.3,.3,.3,.2,.2,.4,.5,.6,.7,.6,0.4,.3,.3,.3,.3,.3,0.4,.3,.4,.5,.5,.4,.4,.4,.4,.4,.3,0.3,.4,.4,.5,.6,.5,.5,.5,0.3*,,,.3,.4,.4,.4,.5,.5,.5,.4,.4,.3,.3,.2,.3,.2,.2,.3,.4,.4,.45,.45,.41,.31,.26,.27,.24,.29,.33,.37,.38,.48,
º¸Àº,¿ùÆò±Õ,,,,,,,,,,,,,,,,,,,,,,,,,,,,,,,,,,,,,,,,,,,,,,,,,,,,,,,,,,,,,,.6,.6,0.5,.4,.4,.4,.4,.4,0.3,.4,.5,.6,.6,.6,.5,.4,.4,.4,.4,0.3,.4,.5,.5,.6,.6,.5,.5,.4,.4,.4,.3,.4,.4,.4,.5,.5,.5,.4,.4,0.3*,.3,.2,.2,.2,.2,.3,.4,.3,.41,.42,.37,.31,.25,.29,.29,.31,.31,.34,.34,.43,
µµÆò±Õ,¿ùÆò±Õ,,.9,0.7,0.6,0.4,0.4,0.3,0.3,0.3,0.4,.5,0.7,.7,0.9,0.7,.7,.5,.4,.4,.3,.3,.3,.5,.5,.8,.8,.7,.6,.5,.4,.3,.3,.3,.4,.5,.7,.8,.8,0.7,.6,.4,.4,.4,.3,.4,.4,.4,.6,.7,.8,.7,.6,.4,.4,.4,.3,.3,.3,.4,.6,.6,.7,.6,0.5,.4,.4,.3,.3,.4,0.3,.4,.5,.7,.6,.6,.4,.4,.4,.4,.3,0.3,.4,.4,.5,.6,.6,.6,.5,.4,.4,.4,.3,.4,.4,.4,.5,.5,.6,.5,.4,.4,.3,.3,.3,.3,.3,.4,.5,.5,.53,.52,.46,.36,.33,.32,.32,.34,.34,.42,.45,.55,
Ãµ¾È,¿ùÆò±Õ,,.7,0.7,0.5,0.5,0.5,0.5,0.4,0.3,0.5,.7,0.8,.8,1.0,0.6,.5,.5,.4,.4,.3,.4,.4,.5,.9,1.1,.6,.5,.5,.5,.4,.4,.3,.4,.4,.5,.6,.8,.6,0.8,.5,.4,.4,.4,.4,.4,.5,.4,.4,.7,.6,.7,.6,.4,.4,.5,.4,.5,.5,.6,.8,.7,.8,.7,0.6,.5,.5,.5,.4,.5,0.4,.5,.6,.6,.6,.5,0.5*,0.4*,0.4*,.5,.4,0.5,.4,.5,.5,.5,.5,.5,.5,.4,.4,.4,.4,.4,.4,.4,0.5*,.5,.6,.5,.4,.4,.3,.3,.4,.3,.3,.4,.4,.5,.5,.5,.42,.34,0.31*,0.34*,.41,.44,.39,.39,.38,.42,
´çÁø,¿ùÆò±Õ,,.5,0.5,0.4,0.3,0.4,0.3,0.4,0.3,0.3,.4,0.4,.3,0.6,0.5,.4,.4,.4,.3,.3,.4,.4,.5,.5,.4,.4,.3,.3,.4,.4,.4,.3,.4,.4,.3,.3,.7,.5,0.5,.6,.5,.4,.4,.3,.4,.5,.4,0.4*,1.0*,0.8*,.6,.6,.5,.4,.4,.5,.6,.8,.6,.7,.7,.8,.8,0.8,.6,.6,.5,.4,.5,0.4,.5,.5,.5,.6,.5,.6,.5,.5,.5,.4,0.3,.4,.5,.5,.5,.6,.5,.5,.4,.4,.4,.4,.5,.5,0.4*,0.6**,.6,.6,.5,.5,.4,.4,.4,.4,.4,.4,.4,.5,.4,.52,.54,.51,.4,.35,.36,.3,.4,.39,.41,.41,.46,
¼­»ê,¿ùÆò±Õ,,.7,0.6,0.5,0.5,0.5,0.4,0.5,0.5,0.5,.8,0.7,.9,0.8,0.7,.6,.4,.3,.4,.4,.5,.6,.6,.7,.7,.6,.5,.5,.4,.4,.4,.4,.5,.5,.5,.7,.9,.7,0.7,.6,.4,.4,.4,.4,.5,.6,.6,.5,.7,.6,.5,.5,.4,.4,.5,.4,.5,.5,.6,.8,.7,.8,.8,0.7,.6,.6,.6,.5,.5,0.5,.5,.5,.6,.6,.5,.5,.4,.4,.5,.5,0.3,.4,0.4*,.4,.5,.5,.5,.5,.4,.3,.4,.3,.4,.4,.4,.5,.5,.5,.4,.4,.4,.3,.3,.4,.4,.4,.4,.4,.4,.43,.46,.41,.36,.33,.35,.35,.4,.41,.39,.38,.45,
¾Æ»ê,¿ùÆò±Õ,,.9,0.9,0.6,0.6,0.5,0.4,0.5,0.3,0.6,.7,1.0,.9,0.9,0.8,.7,.5,.4,.5,.4,.6,.5,.7,1.2,1.6,.9,.6,.6,.5,.4,.5,.4,.4,.2,.5,.8,.9,.7,0.7,.7,.5,.4,.5,.6,.6,.4,.3,.5,.5,.5,.5,0.4**,.3,.3,.4,.3,.4,.4,.4,.6,.6,.7,.6,0.5,.4,.4,.4,.3,.4,0.3,.4,.5,.5,.5,.4,.4,.4,.4,.3,.3,0.2,.4,.4,.5,.5,.5,.5,.4,.3,.3,.3,.3,.4,.4,.4,.4,.4,.5,.4,.4,.4,.3,.3,.3,.3,.3,.4,.4,.5,.47,.48,.42,.35,.33,.36,.32,.36,.35,.37,.38,.45,
³í»ê,¿ùÆò±Õ,,,,,,,,,,,,,,,,,,,,,,,,,,,,,,,,,,,,,,,,,,,,.4,.4,.4,.4,.6,.6,.7,.7,.5,.4,.3,.3,.3,.4,.5,.5,.6,.7,.9,.7,0.5,.5,.5,.4,.4,.4,0.4,.4,.5,.7,.6,.5,.5,.4,.4,.4,.4,0.4,.5,.6,.6,.6,.6,.6,.5,.4,.4,.4,.4,.4,.4,.5,.5,.5,.5,.5,.4,.4,.3,.3,.3,.4,.4,.4,.5,.5,.42,.51,.46,.33,.34,.36,.36,.43,.42,.41,.4,.44,
ÅÂ¾È,¿ùÆò±Õ,,,,,,,,,,,,,,,,,,,,,,,,,,,,,,,,,,,,,,,,,,,,.5,.4,0.5*,.4,.4,.5,.6,.5,.5,.4,.4,.4,.4,.5,.4,.5,.7,.7,.6,.7,0.7,.5,.5,.5,.5,.4,0.4,.4,.5,.5,.5,.5,.4,.4,.5,.5,.5,0.4,.4,.4,.6,.6,.5,.5,.5,.4,.3,.4,.4,.4,.4,.4,.4,.5,.5,.4,.4,.4,.3,.3,.4,.4,.4,.4,.4,.5,.46,.47,.43,.37,.37,.38,.41,.45,.45,.37,.36,.46,
º¸·É,¿ùÆò±Õ,,,,,,,,,,,,,,,,,,,,,,,,,,,,,,,,,,,,,,,,,,,,.3,.3,.4,.4,.4,.5,.5,.5,.4,.3,.3,0.4*,.4,.4,.4,.5,.6,.6,.7,.7,0.6,.5,.5,.4,.4,.4,0.4,.4,.4,.4,.4,.4,.4,.4,.5,.4,.3,0.2,.4,.5,.7,.5,.6,.6,.6,.5,.4,.5,.5,.5,.5,.5,.5,.4,.4,.4,.4,.3,.3,.3,.3,.3,.3,.4,.4,.4,.49,.46,.4,.33,.29,.31,.35,.39,.38,.37,.41,.43,
È«¼º,¿ùÆò±Õ,,,,,,,,,,,,,,,,,,,,,,,,,,,,,,,,,,,,,,,,,,,,.3,.3,.4,.4,.5,.5,.5,.5,.4,.3,.3,.3,.3,.3,.3,.4,.7,.6,.7,.7,0.5,.5,.5,.4,.4,.4,0.5,.4,.5,.4,.5,.4,.4,.4,.4,.4,.4,0.3,.4,.4,.4,.5,.4,.5,.5,.3,.3,.4,0.3*,.4,.4,.4,.4,.4,.4,.4,.4,.3,.3,.3,.3,.3,.3,.3,.4,.4,.41,.45,.38,.3,.27,.31,.33,.38,.33,.34,.37,.46,
°øÁÖ,¿ùÆò±Õ,,,,,,,,,,,,,,,,,,,,,,,,,,,,,,,,,,,,,,,,,,,,.3,.3,.4,.3,.4,.5,.5,.4,.3,.2,.2,.2,.3,.3,.3,.4,.6,.5,.6,.6,0.5,.4,.4,.4,.3,.3,0.3,.3,.4,.4,.4,.4,.3,.3,.3,.3,.3,0.3,.3,.4,.4,.4,.3,.4,.4,.3,.3,.3,.2,0.3*,0.3*,.3,.4,.4,.4,.3,.3,.3,.2,.2,.3,.3,.3,.3,.3,.3,.31,.32,.27,.26,.24,.28,.32,.37,.34,.37,.36,.4,
ºÎ¿©,¿ùÆò±Õ,,,,,,,,,,,,,,,,,,,,,,,,,,,,,,,,,,,,,,,,,,,,.3,.5,.5,.5,.6,.5,.7,.6,.5,.4,.4,.4,.4,.4,.4,.4,.6,.7,.8,.7,0.7,.5,.6,.5,.4,.4,0.4,.4,.5,.6,.6,.6,.5,.4,.4,.5,.5,0.4,.6,.5,.6,.6,.4,.3,.3,.4,.4,.4,.4,.4,.4,.5,.5,.5,.5,0.4*,.4,.4,.3,.4,.4,.4,.4,.4,.5,.6,.59,.54,.45,.39,.4,.42,.38,.41,.46,.41,.54,.57,
Ã»¾ç,¿ùÆò±Õ,,,,,,,,,,,,,,,,,,,,,,,,,,,,,,,,,,,,,,,,,,,,,,,,,0.5*,.4,.4,.3,.3,.2,.2,.3,.3,.4,.4,.6,.5,.6,.6,0.5,.4,.4,.4,.4,.4,0.4,.4,.5,.4,.5,.4,.4,.3,.3,.3,.3,0.2,.4,.5,.5,.5,.5,.4,.4,.4,.4,.3,.3,.4,.4,.4,.4,.5,.5,.4,.4,.3,.2,.3,.4,.3,.3,.3,.4,.4,.38,.42,.36,.32,.25,.31,.36,.4,.37,.37,.44,.46,
±Ý»ê,¿ùÆò±Õ,,,,,,,,,,,,,,,,,,,,,,,,,,,,,,,,,,,,,,,,,,,,,,,,,0.5*,.4,.4,.3,.2,.2,.2,.3,.3,.3,.3,.6,.6,.7,.6,0.5,.4,.3,.3,.3,.3,0.3,.3,.5,.6,.6,.5,.4,.3,.3,.3,.3,0.3,.4,.4,.4,.5,.5,.5,.4,0.3*,.3,.3,.3,.5,.5,.4,.4,.3,.4,.4,.3,.2,.2,.2,.2,.3,.3,.3,.4,.4,.43,.41,.33,.28,.26,.27,.32,.36,.36,.38,.4,.47,
¿¹»ê,¿ùÆò±Õ,,,,,,,,,,,,,,,,,,,,,,,,,,,,,,,,,,,,,,,,,,,,.3,.3,.4,.3,.4,.4,.5,.4,.3,.3,.3,.4,.3,.3,.4,.4,.6,.7,.8,.7,0.6,.5,.5,.4,.4,.4,0.4,.4,.4,.5,.5,.4,.4,.3,.3,.3,.3,0.3,.3,.4,.5,.4,.5,.5,.5,.4,.4,.4,.3,.3,.3,.3,.4,.5,.5,.4,.4,.4,.3,.3,.3,.3,.3,.4,.4,.4,.46,.45,.37,.32,.3,.34,.31,.34,.33,.35,.4,.46,
°è·æ,¿ùÆò±Õ,,,,,,,,,,,,,,,,,,,,,,,,,,,,,,,,,,,,,,,,,,,,,,,,,,,,0.5**,.3,.4,.6,.4,.4,.4,.4,.6,.7,.8,.6,0.6,.5,.5,.5,.4,.4,0.4,.4,.5,.5,.5,.5,.4,.4,.5,.5,.4,0.3,.4,.5,.5,.5,.6,.5,.5,,.4,.5,.4,.4,.4,.4,.5,.5,.6,.4,.5,.4,.3,.4,.4,.4,.3,.4,.4,.5,.47,.44,.46,.38,0.40*,.37,.43,.43,.44,.38,.32,.52,
¼­Ãµ,¿ùÆò±Õ,,,,,,,,,,,,,,,,,,,,,,,,,,,,,,,,,,,,,,,,,,,,,,,,,,,,0.4**,.4,.4,.4,.4,.4,.4,.4,.6,.6,.6,.7,0.7,.6,.5,.5,.5,.4,0.4,.3,.5,.5,.6,.5,.4,.4,.4,.4,.3,0.3,.4,.4,.5,.5,.5,.5,.5,.4,.4,.3,.3,.4,.4,.4,.4,.4,.5,.4,.4,.4,.3,.3,.4,.4,.4,.4,.4,.4,.45,.5,.38,.36,.34,.36,.35,.4,.42,.35,.39,.54,
µµÆò±Õ,¿ùÆò±Õ,,.7,0.6,0.5,0.5,0.4,0.4,0.4,0.4,0.4,.6,0.7,.7,0.8,0.6,.5,.4,.4,.4,.3,.5,.4,.5,.8,.9,.6,.5,.4,.4,.4,.4,.3,.4,.4,.4,.6,.8,.6,0.6,.6,.4,.4,.4,.4,.4,.5,.4,.5,.6,.6,.5,.4,.4,.4,.4,.4,.4,.4,.5,.7,.6,.7,.7,0.6,.5,.5,.5,.4,.4,0.4,.4,.5,.5,.5,.5,.4,.4,.4,.4,.4,0.3,.4,.5,.5,.5,.5,.5,.5,.4,.4,.4,.3,.4,.4,.4,.4,.5,.5,.4,.4,.3,.3,.3,.4,.3,.3,.4,.4,.4,.45,.47,.41,.34,.32,.34,.35,.4,.39,.38,.39,.46,
ÀÓ½Ç,¿ùÆò±Õ,,,,,,,,,,,,,,,,,,,,,,,,,,,,,,,,,,,,,,,,,,,,,,,,,,,,,,,,,.3,.3,.4,.5,.5,.6,.5,0.5,.4,.4,.3,.3,.4,0.3,.3,.4,.5,.5,.4,.4,.3,.4,.4,.4,0.3,0.3*,0.4*,.4,.4,.5,.4,.4,.3,.3,.4,.3,.3,.3,.4,.4,.4,.5,.4,.4,.3,.3,.2,.3,.2,.2,.2,.3,.3,.35,.33,.27,.23,.26,.29,.25,.24,.27,.3,.34,.38,
ÀüÁÖ,¿ùÆò±Õ,,.6,0.7,0.5,0.5,0.4,0.3,0.3,0.3,0.3,.3,0.5,.6,0.6,0.6,.6,.4,.3,.3,.3,.3,.4,.4,.5,.6,.6,.5,.5,.5,.4,.3,.3,.3,.3,.4,.5,.7,.7,0.7,.6,.5,.5,.5,.4,.4,.4,.4,.5,.5,.6,.6,.4,.4,.3,.3,.3,.3,.4,.4,.6,.6,.7,.6,0.6,.4,.4,.4,.3,.3,0.4,.4,.5,0.4*,0.5*,.4,.4,.4,.3,.3,.3,0.3,.4,.4,.4,.5,.5,.5,.4,.3,.3,.3,.2,.3,.3,.3,.4,.5,.5,.5,.4,.4,.4,.3,.3,.3,.3,.3,.4,.4,.44,.46,.38,.32,.33,.33,.3,.34,.35,.4,.41,.48,
±º»ê,¿ùÆò±Õ,,.7,0.7,0.6,0.5,0.5,0.4,0.4,0.6,0.6,.6,0.7,.9,0.8,0.7,.6,.5,.5,.3,.3,.4,.5,.5,.6,.7,.7,.6,.5,.4,.4,.4,.3,.5,.5,.5,.6,.7,.6,0.6,.5,.4,.4,.4,.4,.4,.5,.4,.6,.6,.7,.6,.6,.5,.5,.4,.3,.4,.4,.5,.8,.7,.7,.7,0.6,.4,0.4*,.4,.4,.4,0.4,.4,.6,.5,.5,.5,.4,.3,.3,.3,.3,0.3,.4,.4,.4,.5,.5,.4,.5,.4,.3,.3,.3,.3,.3,.3,.4,.4,.4,.4,.4,.3,.3,.3,.3,.3,.3,.3,.4,.4,.42,.45,.39,.35,.31,.31,.28,.33,.33,.35,.35,.41,
ÀÍ»ê,¿ùÆò±Õ,,.6,0.6,0.5,0.5,0.5,0.5,0.5,0.5,0.4,.5,0.6,0.5*,0.5,0.5,.4,.3,.3,.3,.3,.2,.3,.5,.5,.6,.6,.5,.5,.5,.5,.4,.4,.4,.4,.4,.5,.5,.6,0.6,.6,.5,.4,.4,.4,.4,.4,.4,.5,.5,.6,.5,.5,.4,.4,.4,.4,.4,.4,.4,.6,.5,.5,.5,0.5,.3,.4,.3,.3,.3,0.3,.3,.4,0.4*,.5,.4,.4,.3,.3,.3,.3,0.2,.3,.3,.4,.4,.4,.4,0.4*,0.3*,.3,.3,.3,.3,.3,.4,.4,.5,.5,.4,.4,.4,.3,.3,.3,.3,.3,.3,.3,.3,.36,.41,.35,.32,.32,.31,.31,.28,.28,.34,.37,.46,
³²¿ø,¿ùÆò±Õ,,.9,0.7,0.6,0.6,0.5,0.4,0.4,0.4,0.4,.5,0.7,.8,0.8,0.8,.7,.6,.5,.5,.5,.4,.4,.5,.7,.8,.8,.7,.6,.6,.5,.5,.4,.4,.4,.5,.7,.7,.7,0.7,.6,.5,.5,.5,.5,.5,.5,.5,.7,.8,.8,.8,.6,.6,.5,.5,.4,.5,.5,.5,.6,.6,.6,.6,0.5,.4,.4,.4,.3,.4,0.3,.3,.5,.5,.5,.5,.4,.4,.3,.4,.2,0.2,.3,.4,.4,.5,.5,.5,.5,.4,.3,.3,.3,.3,.3,.3,0.4*,.4,.5,.4,.4,.4,.3,.3,.3,.2,.2,.3,.3,.4,.38,.38,.35,.3,.3,.29,.3,.31,.29,.3,.36,.39,
Á¤À¾,¿ùÆò±Õ,,.7,0.4,0.3,0.2,0.3,0.3,0.2,0.1,0.2,.2,0.3,.5,0.4,0.4,.3,.3,.1,.2,.2,.2,.2,.3,.3,.4,.5,.3,.3,.2,.2,.2,,,.3,.3,.4,.6,.8,0.8,.6,.6,.4,.6,.5,.5,.5,.6,.6,.7,.7,.7,.6,.5,.4,.4,.3,.2,.3,.4,.5,.5,.5,.5,0.5,.4,.4,.3,.3,.3,0.3,.3,.4,.4,.4,.4,.4,.4,.4,.4,.3,0.2,.3,.4,.5,.5,.5,0.4*,.4,.4,.3,.4,.3,.3,.3,.3,.4,.4,.5,.4,.4,.3,.3,.3,.3,.2,.3,.3,.4,.4,.46,.47,.39,.34,.31,.3,.26,.29,.3,.33,.35,.41,
°íÃ¢,¿ùÆò±Õ,,.6,0.7,0.7,0.6,0.7,0.6,0.6,0.6,0.6,.6,0.7,.6,0.7,0.8,.7,.7,.6,.6,.6,.5,.6,.7,.6,.4,.4,.4,.3,.4,.4,.4,.3,.3,.3,.4,.3,.3,.7,0.7,.8,.7,.8,.8,.7,.8,.7,.4,.6,.7,.7,.6,.7,.6,.6,.7,.5,.3,.3,.3,.3,0.3*,.5,.5,0.4,.3,.3,.3,.3,.3,0.3,.3,.3,.4,.4,.4,.3,.3,.2,.2,.2,0.2,.2,.3,.3,.3,.3,.4,.3,.3,.3,.3,.2,.3,.3,.3,.3,.3,.4,.3,.3,.3,.3,.2,.3,.2,.3,.3,.2,.2,0.30*,0.31*,.26,.27,.28,.3,.29,.32,.32,.34,.34,.4,
ºÎ¾È,¿ùÆò±Õ,,,,,,,,,,,,,,,,,,.3,.4,.3,.3,.3,.4,.5,.5,.5,.4,.4,.5,.5,.5,.5,.5,.6,.5,.5,.4,.5,0.5,.5,.4,.6,.6,.6,.6,.7,.6,.6,.7,.7,.6,.7,.6,.6,.6,.5,.4,.4,.4,.5,.4,.6,.6,0.6,.5,.5,.5,.4,.6,0.5,.5,.6,.6,.6,.6,.5,.5,.5,.5,.5,0.3,.4,.4,.5,.4,.4,.4,.4,0.4*,.4,.5,.4,.3,.3,.4,.4,.4,.5,.4,.4,.4,.4,.4,.4,.3,.3,.4,.4,.4,.46,.48,.4,.37,.34,.34,.27,.33,.31,.33,.36,.41,
±èÁ¦,¿ùÆò±Õ,,,,,,,,,,,,,,,,,,,,,,,,,,.7,.6,.6,.6,.6,.5,.4,.5,.5,.5,.5,.6,.7,0.7,.6,.6,.6,.5,.6,.4,.5,.5,.6,.5,.5,.5,.6,.4,.4,.3,.3,.3,.5,.5,.6,.4,.4,0.5**,0.6,.4,.4,.3,.2,.3,0.3,.3,.5,.4,.5,.4,.4,.4,.4,.4,.4,0.3,.5,.4,.4,.5,.5,.5,.5,.4,.4,.4,.3,.3,.3,.4,.4,.5,.5,.5,.4,.4,.4,.3,.3,.3,.3,.4,.4,.5,.47,.47,.43,.36,.33,.34,.28,.31,.29,.35,.37,.43,
¿ÏÁÖ,¿ùÆò±Õ,,,,,,,,,,,,,,,,,,,,,,,,,,,,,,,,,,,,,,,,,,,,,,,,,,,.4,.4,.4,.3,.5,.5,.5,.6,.5,.5,.8,.5,.5,0.5,.3,.4,.2,.3,.3,0.4,.4,.4,.5,.5,.4,.4,.3,.4,.4,.4,0.3,.3,.3,.4,.4,.4,.4,.4,.3,.3,.3,.3,.3,.3,.3,.4,.4,.5,.4,.4,.4,.4,.3,.4,.3,.3,.3,.4,.4,.44,.45,.38,.32,.31,.31,.29,.29,.28,.34,.38,.42,
Áø¾È,¿ùÆò±Õ,,,,,,,,,,,,,,,,,,,,,,,,,,,,,,,,,,,,,,,,,,,,,,,,,,,.5,.4,.4,.3,.4,.3,.3,.3,.3,.7,0.6*,.6,.5,0.5,.4,.3,.2,.2,.2,0.2,.2,.4,.4,.4,.4,.4,.3,.3,.2,.2,0.2,.2,.3,.4,.4,.4,.4,.4,.3,.3,.3,.2,.2,.2,.3,.3,.4,.4,.4,.4,.4,.3,.3,.3,.2,.2,.3,.3,.3,.41,.38,.3,.23,.25,.28,.26,.23,.23,.31,.37,.38,
¹«ÁÖ,¿ùÆò±Õ,,,,,,,,,,,,,,,,,,,,,,,,,,,,,,,,,,,,,,,,,,,,,,,,,,,,,,,,,.3,.3,.3,.5,.5,.6,.5,0.5,.4,.4,.3,.3,.3,0.3,.4,.4,.5,.5,.4,.4,.3,.4,.5,.3,0.2,.3,.3,.4,.4,.4,.4,.3,.3,.3,.4,.3,.3,.3,.4,.4,.4,.5,.4,.4,.3,.2,.2,.3,.2,.2,.3,.3,.3,.38,.35,.29,.25,.27,.26,.22,.24,.26,.31,.32,.36,
¼øÃ¢,¿ùÆò±Õ,,,,,,,,,,,,,,,,,,,,,,,,,,,,,,,,,,,,,,,,,,,,,,,,,,,,,,,,,,,,.5,.6,.5,.4,0.4,.3,.3,.4,.3,.3,0.3,.2,.3,.4,.4,.3,.3,.3,.3,.3,.3,0.2,.3,.3,.4,.4,.4,.4,.4,.3,.3,.3,.2,.3,.3,.3,.3,.3,.3,.3,.3,.2,.2,.2,.3,.2,.2,.2,.2,.2,.25,.16,.16,.23,.21,.28,.23,.21,.24,.27,.26,.3,
Àå¼ö,¿ùÆò±Õ,,,,,,,,,,,,,,,,,,,,,,,,,,,,,,,,,,,,,,,,,,,,,,,,,,,,,,,,,,,,,.4,.5,.5,0.5,.4,.4,.4,.3,.4,0.4,,.5,.5,.5,.4,.4,.3,.3,.3,.3,0.2,.3,.3,.3,.4,.4,.4,.4,.3,.3,.3,.3,.3,.3,.3,.3,.3,.4,.3,.3,.2,.2,.2,.2,.2,.2,.2,.2,.2,.23,.29,.23,.18,.25,.25,.22,.29,.29,.31,0.31*,.42,
µµÆò±Õ,¿ùÆò±Õ,,.7,0.6,0.5,0.5,0.5,0.4,0.4,0.4,0.4,.5,0.6,.6,0.6,0.6,.6,.4,.4,.4,.3,.3,.4,.5,.5,.6,.6,.5,.5,.5,.4,.4,.3,.4,.4,.4,.5,.6,.6,0.6,.6,.5,.5,.5,.5,.5,.5,.4,.5,.6,.7,.6,.5,.5,.4,.4,.4,.4,.4,.4,.6,.5,.6,.6,0.5,.4,.4,.3,.3,.3,0.3,.3,.4,.4,.5,.4,.4,.3,.3,.3,.3,0.3,.3,.4,.4,.4,.4,.4,.4,.3,.3,.3,.3,.3,.3,.3,.4,.4,.5,.4,.4,.3,.3,.3,.3,.3,.3,.3,.4,.4,.4,.42,.35,.31,.3,.31,.28,.3,.3,.34,.36,.42,
È­¼ø,¿ùÆò±Õ,,,,,,,,,,,,,,,,,,,,,,,,,,,,,,,,,,,,,,,,,,,,,,,,,,,,,,,,,,,,,,,,0.5,.7,.7,.6,.5,.7,0.5,.5,.4,.7,0.8*,.5,.5,.5,.5,.5,.5,0.7,.5,.3,.4,0.5*,.5,.5,.5,0.4*,.5,.6,.5,.5,.5,.4,.5,.4,.4,0.3*,.4,.4,.4,.4,.5,.4,.4,0.3*,.5,.6,.57,.42,.37,.39,.41,0.39**,.37,.37,.38,.34,.42,.41,
¿©¼ö,¿ùÆò±Õ,,.7,0.6,0.6,0.5,0.6,0.5,0.5,0.5,0.6,.5,0.6,.6,0.6,0.6,.7,.7,.8,.5,.5,.5,.4,.5,.6,.7,.7,.5,.6,.6,.6,.5,.5,.6,.5,.5,.6,.6,.6,0.6,.6,.5,.5,.5,.4,.5,.6,.5,.6,.7,.7,.5,.5,.5,.4,.5,.5,.4,.5,.6,.7,.7,.8,.6,0.5,.6,.5,.5,.4,.5,0.5,.5,.5,.6,.6,.5,.5,.5,.5,.5,.5,0.4,.5,.5,.5,.6,.6,.6,.5,.5,.5,.5,.4,.5,.5,.5,.5,.6,.6,.5,.5,.4,.4,.4,.4,.4,.4,.4,.5,.5,.46,.55,.49,.4,.39,.38,.36,.41,.42,.41,.43,.5,
±¤¾ç,¿ùÆò±Õ,,.6,0.5,0.4,0.4,0.4,0.4,0.4,0.4,0.4,0.3*,0.4,.4,0.4,0.5,.5,.4,.4,.4,.4,.3,.3,.4,.4,.4,.4,.4,.4,.4,.4,.4,.4,.4,.4,.3,.4,.5,.4,0.4,.4,.5,.4,.5,.4,.4,.4,.4,.5,.5,.5,0.5*,0.5*,0.4*,.4,0.4*,.4,.4,.4,0.4*,0.5*,0.5*,0.5*,.6,0.5,.5,.5,.5,.4,.4,0.4,.4,.5,.6,.6,.5,.4,.4,.4,.5,.4,0.4,.3,.4,.4,.4,.5,.5,.4,.3,.4,.4,.3,0.3*,0.3*,0.3*,0.4*,0.4*,.5,.4,.4,.4,.4,.3,.3,.2,.3,.3,.4,.4,.37,.4,.39,.32,.34,.33,.32,.28,.3,.33,.34,.39,
¼øÃµ,¿ùÆò±Õ,,.6,0.6,0.6,0.5,0.4,0.4,0.5,0.4,0.5,.5,0.6,.5,0.6,0.6,.6,.6,.5,.5,.4,.4,.5,.6,.6,.7,.5,.5,.5,.4,.4,.4,.3,.4,.5,.5,.6,.6,.6,0.6,0.6*,0.5*,0.4*,0.4*,0.3*,0.4*,0.5*,0.6*,0.6*,0.7*,.7,.6,.5,.4,.4,.4,.4,.4,0.5*,.5,.6,.5,.5,.6,0.6,.6,.5,.5,.4,.4,0.4,.4,0.4*,.5,.5,.5,.5,.4,.5,.4,.4,0.4,.4,0.4*,0.4*,.5,.5,.5,.5,.3,.3,.4,.3,.3,.3,.3,.4,.3,.3,.3,.3,.3,.3,.3,.3,.3,.3,.3,.4,.3,.37,.41,.37,.31,.31,.3,.33,.31,.33,.32,.33,.38,
¸ñÆ÷,¿ùÆò±Õ,,.6,0.6,0.6,0.5,0.5,0.6,0.6,0.5,0.5,.5,0.5,.7,0.8,0.7,.8,.7,.6,.6,.6,.6,.6,.6,.6,.4,.7,.6,.5,.5,.5,.5,.4,.6,0.5**,0.5**,.6,.6,.6,0.6,.5,.5,.4,.4,.4,.4,.4,.3,.4,.5,.7,.6,.6,.5,.5,.5,.5,.5,.5,.5,.7,.6,.7,.7,0.6,.6,.6,.5,.4,.5,0.4,.4,.5,.5,.6,.5,.4,.4,.4,.4,.4,0.4,.4,.3,.4,.4,.5,.5,.4,.3,.3,.4,.3,.4,.4,.4,.5,.5,.6,.5,.5,.4,.4,.4,.4,.4,.4,.3,.5,.5,.49,.5,.47,.43,.38,.38,.35,.4,.41,.4,.39,.48,
¿µ¾Ï,¿ùÆò±Õ,,.5,0.5,0.4,0.4,0.4,0.4,0.3,0.5,0.5,.4,0.5,.6,0.6,0.3,.3,.2,.2,.3,.2,.3,.3,.3,.4,.4,.4,.4,.4,.4,.4,.3,.2,.3,.3,.4,.4,.4,.4,0.4,.3,.4,.3,.4,.3,.3,.3,.2,.2,.3,.3,.3,.3,.3,.3,.4,.4,.5,.4,.4,.5,.4,.5,.5,0.6,.5,.5,.3,.3,.3,0.4,.5,.5,.5,.4,.3,.3,.3,.3,.3,.3,0.4,.4,.3,.3,.3,.4,.4,0.4**,0.3**,.4,.4,.3,.4,.4,.4,.4,.4,.4,.4,.4,.4,0.3*,.3,.4,.4,.4,.4,.4,.4,.47,.46,.42,.4,.36,.39,.38,.41,.4,.41,.4,.47,
³ªÁÖ,¿ùÆò±Õ,,,,,,,,,,,,,,,,,,,,,,,,,,,,,,,,,,,,,,,,,,,,,,,,,,.4,.4,.4,.4,.3,.3,.3,.3,.4,.4,.4,.4,.4,.5,0.4,.4,.4,.4,.3,.4,0.4,.4,.4,.3,.2,.3,.2,.3,.3,.3,.2,0.2,.4,.4,.4,.4,.4,.4,.3,.3,.2,.2,.2,.3,.3,.2,.3,.3,.3,.2,.2,.2,.2,.2,.2,.2,.3,.2,.3,.3,.28,.28,.24,.23,.18,.23,.24,.23,.2,.22,.25,.25,
´ã¾ç,¿ùÆò±Õ,,,,,,,,,,,,,,,,,,,,,,,,,,,,,,,,,,,,,,,,,,,,,,,,,,.3,.4,.4,.3,.3,.3,.2,.3,.4,.4,.4,.4,.5,.5,0.5,.4,.4,.4,.3,.4,0.3,.3,.2,.3,.3,.3,.2,.3,.3,.3,.3,0.2,.3,.2,.3,.3,.3,.3,.3,.3,.3,.2,.2,.3,.3,.3,.4,.4,.4,.3,.3,.3,.2,.2,.2,.2,.2,.3,.3,.3,.33,.33,.3,.27,.27,.28,.27,.24,.24,.24,.27,.3,
Àå¼º,¿ùÆò±Õ,,,,,,,,,,,,,,,,,,,,,,,,,,,,,,,,,,,,,,,,,,,,,,,,,,.4,.4,.4,.4,.3,.3,.3,.3,.3,.4,.5,.5,.5,.5,0.5,.4,.4,.4,.4,.4,0.4,.4,.4,.3,.3,.2,.4,.3,.3,.3,.3,0.3,.3,.3,.3,.3,.3,.3,.3,.3,.2,.2,.1,.2,.2,.2,.2,.2,.2,.2,.2,.2,.2,.2,.2,.2,.3,.2,.3,.2,0.21*,.25,.19,.19,.2,.21,0.26*,.3,.29,.27,.23,.25,
ÇØ³²,¿ùÆò±Õ,,,,,,,,,,,,,,,,,,,,,,,,,,,,,,,,,,,,,,,,,,,,,,,,,,,,,,.4,.4,.4,.4,.4,.4,.5,.6,.5,.5,0.4,.3,.4,.3,.3,.4,0.4,.3,.4,.4,.5,.4,.4,.3,.3,.3,.3,0.3,.4,.3,.3,.3,.3,.4,.3,.3,.3,.4,.3,,,.4,.5,.4,.5,.4,.4,.4,.4,.3,.4,.4,.4,.4,.4,.4,.4,.43,.4,.4,.36,.38,.39,.43,.42,.43,.43,.5,
¿µ±¤,¿ùÆò±Õ,,,,,,,,,,,,,,,,,,,,,,,,,,,,,,,,,,,,,,,,,,,,,,,,,,,,,,,,,,,,.5,.5,.5,.6,0.5,.5,.5,.4,.4,.4,0.4,.4,.5,.4,.4,.4,.4,.3,.3,.3,.3,0.3,.4,.4,.4,.4,.4,.4,.5,.4,.3,.3,.3,.3,.3,.3,.4,.4,.4,.4,.3,.3,.3,.3,.4,.3,.2,.3,.3,.3,.16,.27,.27,.29,.29,.27,.25,.3,.28,.28,.27,.34,
ÀåÈï,¿ùÆò±Õ,,,,,,,,,,,,,,,,,,,,,,,,,,,,,,,,,,,,,,,,,,,,,,,,,,,,,,,,,,,,,,.5,.5,0.5,.4,.4,.4,.3,.4,0.4,.4,.4,.4,.4,.4,.4,.4,.4,.4,.4,0.3,.4,.4,.4,0.4**,,0.5**,.5,.4,.4,.4,.2,.3,.3,.3,.3,.3,.4,.4,.4,.3,.3,.3,.3,.3,.3,.3,.4,.2,.27,.3,.27,.28,.28,.29,.25,.3,.32,.33,.32,.37,
Áøµµ,¿ùÆò±Õ,,,,,,,,,,,,,,,,,,,,,,,,,,,,,,,,,,,,,,,,,,,,,,,,,,,,,,,,,,,,,,,0.4*,0.6,.7,.5,.6,.5,.5,0.5,.5,.5,.5,.6,.4,.5,.5,.5,.3,.4,0.3,.3,.4,.4,.4,.4,.5,0.5**,.4,.5,0.4*,.4,.4,.4,.3,.4,.4,.6,.4,.3,.3,.4,.4,.4,.4,.4,.3,.3,.2,.28,.33,.33,.43,.44,.39,.39,.44,.45,.37,.39,.36,
¿Ïµµ,¿ùÆò±Õ,,,,,,,,,,,,,,,,,,,,,,,,,,,,,,,,,,,,,,,,,,,,,,,,,,,,,,,,,,,,,,,.5,0.6,.6,.6,.6,.4,.4,0.6,.4,.5,.6,.5,.5,.4,.4,.5,.4,.4,0.4,.5,.5,.4,.3,.3,.5,.5,.5,.6,.5,.5,.5,.5,.3,.4,.4,.5,.5,.3,.3,.4,.3,.4,.4,.3,.3,.3,.3,.45,.55,.38,.48,.32,.34,.38,.41,.42,.36,.38,.41,
ÇÔÆò,¿ùÆò±Õ,,,,,,,,,,,,,,,,,,,,,,,,,,,,,,,,,,,,,,,,,,,,,,,,,,,,,,,,,,,,,,,.8,0.6,.5,.5,.5,.4,.4,0.6,.5,.5,.5,.6,.5,.5,.5,.5,.4,.5,0.4,.7,.5,.6,.7,,.6,.5,.5,.4,.4,.4,.4,.4,.4,.4,.3,.3,.4,.4,.3,.3,.3,.4,.3,.4,.4,.3,.4,.38,.45,.32,.32,.32,.27,.26,.33,.39,.35,.43,.38,
°íÈï,¿ùÆò±Õ,,,,,,,,,,,,,,,,,,,,,,,,,,,,,,,,,,,,,,,,,,,,,,,,,,,,,,,,,,,,,,,,0.4,.5,.5,.6,.4,.6,0.4,.4,.5,.6,.5,.4,.5,.4,.3,.4,.4,0.3,.6,.6,.3,.4,.5,.4,.5,.4,.5,.4,.4,.4,.4,.3,.5,.3,.5,.2,.4,.4,.4,.4,.2,.3,.4,.4,.4,.5,.59,.58,.52,.35,.38,.5,.42,.42,.42,.49,0.43*,.43,
½Å¾È,¿ùÆò±Õ,,,,,,,,,,,,,,,,,,,,,,,,,,,,,,,,,,,,,,,,,,,,,,,,,,,,,,,,,,,,,,,,0.4,.4,.4,.3,.3,.3,0.2,.2,.3,.3,.3,.3,.3,.3,.3,.2,.3,0.2,.3,.3,.2,.2,.3,.4,.4,.3,.3,.2,.2,.2,.2,.2,.3,.3,.3,.3,.3,.2,.2,.2,.2,.2,.2,.2,.2,.2,.24,.26,.24,.22,.2,.19,.21,.22,.2,.2,.23,.24,
¹«¾È,¿ùÆò±Õ,,,,,,,,,,,,,,,,,,,,,,,,,,,,,,,,,,,,,,,,,,,,,,,,,,,,,,,,,,,,,,,,0.4,.4,.4,.3,.3,.4,0.4,.4,.4,.5,.5,.4,.3,.4,.4,.3,.4,0.4,.4,.4,.4,.4,.4,.4,.4,.4,.3,.4,.4,.4,.4,.4,.4,.5,.5,.5,.4,.4,.4,.3,.4,.4,.4,.4,.4,.4,.43,.44,.41,.39,.34,.35,.35,.39,.36,.39,.37,.46,
°­Áø,¿ùÆò±Õ,,,,,,,,,,,,,,,,,,,,,,,,,,,,,,,,,,,,,,,,,,,,,,,,,,,,,,,,,,,,,,,,,,,.3,.2,.2,0.3,.3,.4,.4,.5,.4,.4,.3,.3,.2,0.2*,0.1,.3,.3,0.3*,.4,.4,.4,.3,.3,.3,.3,.2,.2,.2,0.3*,.3,.4,.4,.4,.4,.3,.3,.2,.2,.2,0.3**,,0.3*,.3,.31,.33,.3,.26,.25,.24,.2,.25,.28,.3,.29,.36,
°î¼º,¿ùÆò±Õ,,,,,,,,,,,,,,,,,,,,,,,,,,,,,,,,,,,,,,,,,,,,,,,,,,,,,,,,,,,,,,,,,,,,,,0.5,.6,.5,.5,.7,.5,.5,.5,.6,.6,.6,0.5,0.5*,.5,.3,.7,.6,.5,.4,.5,.6,.6,.4,.4,.4,.4,.3,.3,.4,.4,.4,.4,.4,.4,.4,.4,.3,.3,.4,.5,.49,.44,.36,.38,.26,.53,.34,.46,.43,.32,.42,.45,
±¸·Ê,¿ùÆò±Õ,,,,,,,,,,,,,,,,,,,,,,,,,,,,,,,,,,,,,,,,,,,,,,,,,,,,,,,,,,,,,,,,,,,,.4,.4,0.3,.3,.5,.6,.6,.6,.5,.4,.5,.5,.5,0.5,.4,.4,.5,.4,.4,.5,.4,.4,.4,.4,.4,.4,.4,.4,.4,.4,.5,.4,.3,.3,.2,.3,.4,.4,.4,.4,.4,.4,.45,.43,.44,.4,.4,.41,.45,.45,.42,.39,.4,.44,
º¸¼º,¿ùÆò±Õ,,,,,,,,,,,,,,,,,,,,,,,,,,,,,,,,,,,,,,,,,,,,,,,,,,,,,,,,,,,,,,,,,,,,,,0.5,.4,.5,.6,.5,.4,.5,.4,.5,.6,0.7*,0.6,.6,0.5*,.6,.6,.5,.5,.6,.6,.6,.5,.4,.4,.4,.4,.5,.5,.5,.4,.5,.4,.4,.4,.3,.3,.3,.4,.5,.5,.48,.47,.46,.4,.38,.36,.3,.32,.38,.36,.46,.48,
µµÆò±Õ,¿ùÆò±Õ,,.6,0.6,0.5,0.5,0.5,0.4,0.5,0.5,0.5,.5,0.5,.5,0.6,0.6,.6,.6,.6,.5,.4,.4,.4,.5,.5,.6,.6,.5,.5,.5,.5,.4,.4,.5,.5,.5,.5,.6,.5,0.5,.5,.5,.5,.5,.4,.4,.5,.4,.5,.6,.6,.5,.5,.4,.4,.4,.4,.4,.4,.5,.6,.5,.6,.6,0.5,.5,.5,.5,.4,.4,0.4,.4,.5,.5,.5,.5,.4,.4,.4,.4,.4,0.4,.4,.4,.4,.5,.5,.5,.4,.4,.4,.4,.3,.4,.4,.4,.4,.4,.5,.4,.4,.4,.3,.3,.3,.3,.3,.3,.4,.4,.41,.43,.4,.35,.34,.34,.33,.35,.36,.35,.37,.42,
¿µ´ö,¿ùÆò±Õ,,,,,,,,,,,,,,,,,,,,,,,,,,,,,,,,,,,,,,,,,,,,,,,,,,,,,,,,,,,,,,,,,,,,,,,,,0.4**,.4,.4,.3,.3,.3,.3,.2,0.2,.3,.3,.3,0.3*,.3,.4,.3,.3,.3,.3,.2,.2,.2,.3,.3,.3,.4,.3,.3,.3,.3,.2,.2,.2,.2,.3,.3,.3,.36,.37,.35,.3,.28,.29,.26,.24,.24,.27,.29,.32,
¿µÃµ,¿ùÆò±Õ,,,,,,,,,,,,,,,,,,,,,,,,,,,,,,,,,,,,,,,,,,,,,,,,,,,,,,,,,,,,,,.6,.7,0.6,.4,.3,.4,.4,.4,0.4,.4,.5,.5,.6,.5,.5,.5,.4,.4,.4,0.3,.4,.5,.5,.5,.5,.5,.5,.4,.4,.5,.4,.4,.4,.4,.5,.5,.5,.4,.5,.4,.3,.3,.3,.3,.3,.3,.4,.4,.35,.42,.35,.26,.31,.3,.3,.27,.25,.27,.33,.35,
ÀÇ¼º,¿ùÆò±Õ,,,,,,,,,,,,,,,,,,,,,,,,,,,,,,,,,,,,,,,,,,,,,,,,,,,,,,,,,,,,,,,,,,,,,,,,,,0.5**,.6,.5,.4,.4,.4,.4,0.3,.4,.4,.6,.7,.6,.5,.4,.4,.4,.3,.4,.4,.4,.4,.5,.5,.5,.5,.4,.4,.4,.3,.3,.3,.3,.3,.4,.4,.47,.43,.37,.33,.29,.32,.34,.29,.28,.33,.37,.47,
¿ï¸ªµµ,¿ùÆò±Õ,,,,,,,,,,,,,,,,,,,,,,,,,,,,,,,,,,,,,,,,,,,,,,,,,,,,,,,,,,,,,,,,,,,,0.2**,.2,0.2,.2,.3,.3,.2,.3,.4,.3,.3,.3,.2,0.2,.2,.2,.2,.4,.4,.4,.3,.3,.2,.2,.2,.2,.2,.2,.3,.3,.4,.4,.3,.2,.3,.2,.2,.2,.2,.2,.3,.3,.15,.22,.32,.33,.23,.29,.26,.2,.26,.26,.32,.39,
Æ÷Ç×,¿ùÆò±Õ,,.7,0.6,0.6,0.6,0.5,0.6,0.7,0.7,0.5,.6,0.6,.6,0.7,0.6,.7,.8,.7,.9,.6,.6,.5,.5,.6,0.6*,.5,.5,.6,.6,.6,.5,.5,.5,.5,.5,.5,.6,.7,0.7,.6,.5,.5,.5,.5,0.5*,.5,.4,.4,.5,.5,.5,.5,.5,.5,.4,.5,.3,.4,.5,.4,.5,.5,.5,0.4,.4,.4,.5,.3,.4,0.4,.4,.5,.6,.6,.5,.5,.4,.4,.4,.4,0.3,.4,.5,.5,.6,.6,.5,.4,.4,.4,.4,.4,.5,.5,.5,.5,.5,.5,.5,.4,.4,.4,.3,.3,.3,.3,.4,.5,.4,.52,.55,.49,.4,.43,.42,.36,.37,.39,.47,.5,.55,
±¸¹Ì,¿ùÆò±Õ,,.8,0.6,0.6,0.6,0.4,0.5,0.5,0.4,0.5,.5,0.7,.7,0.9,1.0,.8,0.8*,0.5*,0.6*,0.5*,0.5*,0.5*,0.6*,0.7*,0.8*,0.8*,0.7*,0.7*,0.5*,0.5*,0.6*,0.5*,0.5*,.5,.5,.6,.7,.6,0.6,.7,.5,.5,.6,.6,.6,.6,.5,.5,.5,.6,.6,.5,.5,.5,.5,.5,.4,.4,.4,.5,.5,.5,.5,0.4,.4,.4,.4,.3,.4,0.3,.4,.5,.6,.6,.5,.4,.5,.4,.4,.4,0.3,.3,.4,0.4*,.5,.5,.6,.5,.4,.4,.4,.4,.4,.4,.3,.4,.4,.4,.4,.4,.3,.3,.3,.3,.2,.2,.3,.3,.4,.45,.46,.39,.31,.32,.29,.36,.36,.35,.39,.43,.53,
±èÃµ,¿ùÆò±Õ,,.8,0.6,0.6,0.6,0.6,0.6,0.5,0.3,0.3,.5,0.8,.7,0.8,0.6,.6,.3,.4,.4,.3,.2,.2,.4,.5,.7,.7,.5,.6,.6,.5,.5,.6,.5,0.4**,.4,.6,.7,.6,0.6,.7,.6,.6,.6,.4,.3,0.3**,0.3**,.5,.6,.8,.8,.5,.4,.7,.5,.3,.3,.2,.4,.5,.5,.6,0.6**,0.4,.4,.3,.3,.3,.3,0.3,0.3*,0.3*,.7,.8,.5,.5,.5,.4,.3,.3,0.3,.4,.3,.5,.6,.6,.4,.4,.3,.2,.3,.3,.2,.2,.3,.4,.4,.5,.4,.3,.3,.2,.2,.2,.3,.2,.3,.4,.4,.53,.49,.34,.28,.28,.31,.2,.24,.32,.35,.38,.48,
°æÁÖ,¿ùÆò±Õ,,.7,0.5,0.5,0.4,0.3,0.2,0.2,0.7,0.3,.5,1.0,.9,0.6,0.5,.4,.3,.2,.3,.6,.4,.3,.4,.4,.5,.5,.4,.4,.4,.4,.2,.3,.3,0.5**,0.4**,0.5*,0.4*,.5,0.5,.5,.4,0.3**,.4,.4,.3,.3,.3,.4,.5,.5,0.4**,.5,.5,.5,.3,.3,.3,.3,.3,.4,.3,.3,.3,0.2,.2,.3,0.4**,.3,.4,0.4,.4,.4,.5,.4,.3,.2,.2,.3,.3,.3,0.3,.3,.3,.4,.4,.4,.4,.3,.3,.3,.3,.3,.3,.3,.3,.3,.3,.3,.3,.3,.3,.3,.2,.3,.3,.3,.3,.3,.3,.34,.36,.33,.29,.29,.3,.27,.26,.25,.28,.3,.33,
¾Èµ¿,¿ùÆò±Õ,,1,0.8,0.8,0.8,0.7,0.6,0.6,0.2,0.2,.3,0.5,.7,0.7,0.7,.6,.5,.5,.4,.3,.2,.2,.4,.5,.7,.6,.7,.7,.7,.6,.6,.5,.5,0.4**,.3,.5,.6,.6,0.6,.6,.6,.5,.5,.5,.3,.4,0.7*,.7,.7,.8,.8,.7,.6,.5,.4,.3,.5,.5,.6,0.7**,,,0.4**,0.3,.2,.3,.3,.2,.3,0.2,.3,.4,.8,.7,.7,.4,.4,.3,.3,.2,0.2,.3,.4,.6,.6,.7,.7,.5,.4,.4,.4,.2,.3,.3,.3,.6,.7,.7,.5,.5,.3,.2,.2,.2,.3,.2,.3,.5,.6,.53,.51,.53,.35,.35,.34,.25,.28,.24,.36,.62,.55,
¿µÁÖ,¿ùÆò±Õ,,1.5,1.2,0.8,0.5,0.4,0.3,0.3,0.3,0.3,.6,1.0,1.2,1.4,1.2,0.9*,.6,.4,.3,.3,.3,.3,.5,.8,1.3,1.2,1.1,.9,.6,.4,.3,.3,.3,.3,.5,.8,1.2,1.2,1.2,.8,.7,.6,.5,.5,.4,.4,.5,.8,.9,.9,.9,.7,.5,.4,.4,.3,.2,.3,.4,.8,.9,.8,.7,0.6,.3,.3,.3,.3,.3,0.3,.5,.7,0.7**,0.8**,.7,.6,.5,.5,.5,.3,0.3,.4,.4,.5,.7,.7,.6,.6,.4,.5,.4,.3,.3,.3,.5,.7,.7,.8,.7,.5,.4,.4,.4,.4,.3,.3,.4,.6,.7,.78,.76,.59,.46,.33,.32,.31,.38,.36,.46,.57,.83,
°æ»ê,¿ùÆò±Õ,,.7,0.5,0.5,0.4,0.4,0.4,0.3,0.3,0.4,.4,0.6,.6,0.6,0.6,.5,.4,.4,.4,.3,.3,.4,.5,.5,.7,.6,.6,.6,.5,.5,.4,.4,.4,.4,.4,.5,.6,.6,0.6,.6,.5,.5,.5,.4,.4,.4,.4,.6,.6,.6,.6,.5,.5,.4,.3,0.3*,.6,.5,.4,.7,.7,.6,.5,0.5,.4,.4,.4,.3,.5,0.4,.3,.5,.6,.6,.5,.4,.4,.3,.3,.4,0.3,.4,.4,.5,.5,.6,.5,.5,.4,.4,.5,.4,.4,.4,.4,.5,.5,.5,.5,.5,.4,0.4*,.3,.3,.3,.3,.3,.4,.4,.43,.45,.39,.33,.32,.33,.34,.31,.32,.36,.4,.46,
»óÁÖ,¿ùÆò±Õ,,,,,,,,,,,,,,,,,,,,,,,,,,,,,,,,,,,,,,,,,,,,,,,,,0.5**,.5,.5,.5,.4,.4,.3,.2,.3,.4,.5,.7,.7,.6,.5,0.5,.4,.4,.3,.3,.3,0.3,.3,.4,.6,.5,.5,.4,.3,.3,.3,.3,0.3,.3,.4,.4,.5,.5,.4,.3,.3,.3,.3,.3,.3,.3,.4,.5,.6,.5,.5,.5,.4,.3,.3,.3,.2,.3,.3,.4,.4,.43,.4,.33,.29,.28,.29,.27,.24,.27,.31,.31,.34,
Ä¥°î,¿ùÆò±Õ,,,,,,,,,,,,,,,,,,,,,,,,,,,,,,,,,,,,,,,,,,,,,,,,,0.6**,.5,.4,.4,.3,.3,.3,.3,.3,.4,.4,.5,.6,.6,.5,0.5,.4,.3,.3,.3,.4,0.2,.2,.3,.5,.5,.4,.3,.3,.3,.3,.3,0.3,.3,.3,.4,.4,.4,.4,.3,.3,.3,.3,.3,.2,.2,.4,.4,.5,.5,.4,.4,.3,.3,.3,.3,.2,.2,.3,.4,.4,.4,.39,.32,.29,.27,.29,.23,.26,.28,.32,.31,.36,
¿ïÁø,¿ùÆò±Õ,,,,,,,,,,,,,,,,,,,,,,,,,,,,,,,,,,,,,,,,,,,,,,,,,,,,,,,,,,,,,,,0.4*,0.4,.3,.3,.4,.4,.4,0.3,.3,.4,.5,.4,.5,.4,.4,.4,.3,.3,0.4,.4,.4,.4,.4,.4,.4,.3,.3,.3,.3,.3,.3,.3,.5,.4,.3,.4,.3,.5,.3,.3,.3,.2,.2,.2,.2,.3,.3,.36,.34,.34,.29,.33,.38,.3,.28,.3,.32,.32,.32,
ºÀÈ­,¿ùÆò±Õ,,,,,,,,,,,,,,,,,,,,,,,,,,,,,,,,,,,,,,,,,,,,,,,,,,,,,,,,,,,,,,,,,,.3,.3,.2,.3,0.2,.3,.4,.5,.5,.5,.4,.3,.3,.3,.3,0.3,.3,.4,.4,.6,.5,.5,.4,.4,.3,.3,.3,.3,.3,.4,.5,.5,.7,.5,.5,.3,.3,.3,.3,.3,.3,.3,0.4*,.5,.58,.57,.42,.33,.3,.31,.32,.34,.33,.4,.47,.55,
°í·É,¿ùÆò±Õ,,,,,,,,,,,,,,,,,,,,,,,,,,,,,,,,,,,,,,,,,,,,,,,,,,,,,,,,,,,,,,,,,,,,,,,.3,.4,.5,.5,.5,.4,.4,.4,.3,.3,0.3,.3,.3,.4,.5,.5,.6,.6,.6,0.5**,.6,.5,0.5*,0.5*,.4,.5,.3,.5,.5,.6,.5,.5,.6,.5,.4,.4,.4,0.5*,0.6**,.45,.6,.45,.38,.33,.45,.51,.54,.47,.38,.44,.6,
±ºÀ§,¿ùÆò±Õ,,,,,,,,,,,,,,,,,,,,,,,,,,,,,,,,,,,,,,,,,,,,,,,,,,,,,,,,,,,,,,,,,,,,,,,,,,0.5**,.5,.4,.4,.4,.4,.4,0.3,.4,.4,.4,.5,.5,.5,.4,.4,.4,.4,.3,.4,.4,.4,.4,.4,.5,.4,.3,.2,.2,.1,.2,.2,.1,.2,.3,.4,.38,.35,.32,.25,.24,.26,,,,,,,
¼ºÁÖ,¿ùÆò±Õ,,,,,,,,,,,,,,,,,,,,,,,,,,,,,,,,,,,,,,,,,,,,,,,,,,,,,,,,,,,,,,,,,,,,,,,,,,,,0.6**,.6,.6,0.5*,.4,0.2,.4,.3,.6,.6,.7,.6,.5,.4,.4,.4,0.4*,.4,.4,.4,.4,.6,.5,.4,.6,.5,.5,.5,.5,.4,.4,.3,.5,.5,.58,.63,.45,.39,.39,.46,.34,.43,.34,.45,.46,.58,
¿¹Ãµ,¿ùÆò±Õ,,,,,,,,,,,,,,,,,,,,,,,,,,,,,,,,,,,,,,,,,,,,,,,,,,,,,,,,,,,,,,,,,,,,,,,,,,,,.2,.2,.3,.3,.3,0.3,.3,.3,.3,.3,.3,.3,.3,.2,.2,.3,.2,.3,.3,.2,.3,.3,.3,.3,.3,.3,.2,.2,.2,.2,.2,.2,.2,.2,.27,.22,.21,.19,.16,.16,.17,.19,.22,.22,.24,.3,
Ã»µµ,¿ùÆò±Õ,,,,,,,,,,,,,,,,,,,,,,,,,,,,,,,,,,,,,,,,,,,,,,,,,,,,,,,,,,,,,,,,,,,,,,,,,,,.3,.3,.3,.3,.3,.3,0.3,.3,.4,.4,.5,.4,.5,.4,.3,.3,.3,.3,.3,.3,.3,.4,.5,.5,.4,.4,.3,.3,.3,.2,.2,.2,.3,.3,.3,.4,.37,.29,.24,.24,.24,.25,.21,.29,.32,.33,.4,
Ã»¼Û,¿ùÆò±Õ,,,,,,,,,,,,,,,,,,,,,,,,,,,,,,,,,,,,,,,,,,,,,,,,,,,,,,,,,,,,,,,,,,,,,,,,,,,,0.2**,.3,.3,.3,.3,0.3,.3,.4,.4,.3,.3,.4,.3,.3,.3,.3,.3,.3,.3,.3,.3,.3,.4,.4,.4,.3,.3,.3,.3,.2,.2,.2,.3,.3,.33,.32,.29,.28,.25,.26,.27,.24,.25,.26,.26,.29,
¿µ¾ç,¿ùÆò±Õ,,,,,,,,,,,,,,,,,,,,,,,,,,,,,,,,,,,,,,,,,,,,,,,,,,,,,,,,,,,,,,,,,,,,,,,,,,,,.3,.3,.3,.3,.2,0.2,.2,.3,.3,.5,.4,.3,.3,.3,.3,.3,.2,.2,.2,.2,.3,.3,.3,.3,.3,.3,.3,.2,.2,.2,.2,.2,.2,.3,.33,.25,.23,.2,.2,.22,.19,.2,.23,.28,.29,.33,
¹®°æ,¿ùÆò±Õ,,,,,,,,,,,,,,,,,,,,,,,,,,,,,,,,,,,,,,,,,,,,,,,,,,,,,,,,,,,,,,,,,,,,,,,,,,,0.4*,.4,.3,.3,.3,.2,0.2,.3,.3,.3,.4,.4,.4,.4,.3,.3,.3,.3,.3,.3,.3,.4,.4,.4,.4,.4,.3,.3,.2,.2,.2,.2,.3,.4,.4,.46,.38,.34,.27,.25,.25,.27,.27,.28,.33,.34,.39,
µµÆò±Õ,¿ùÆò±Õ,,.8,0.6,0.6,0.6,0.5,0.5,0.5,0.5,0.4,.5,0.7,.7,0.8,0.8,.7,.6,.5,.6,.5,.5,.4,.5,.6,.7,.7,.6,.6,.6,.5,.5,.5,.4,.5,.5,.6,.7,.7,0.7,.6,.5,.5,.5,.5,.5,.5,.4,.5,.5,.6,.6,.5,.5,.5,.4,.4,.4,.4,.4,.5,.5,.6,.5,0.4,.4,.4,.4,.3,.4,0.3,.4,.5,.6,.5,.5,.4,.4,.4,.3,.3,0.3,.3,.4,.4,.5,.5,.5,.4,.4,.4,.4,.3,.4,.4,.4,.4,.5,.5,.4,.4,.3,.3,.3,.3,.3,.3,.3,.4,.4,.46,.46,.39,.33,.32,.32,.31,.31,.32,.37,.41,.48,
Ã¢¿ø,¿ùÆò±Õ,,.8,0.7,0.6,0.6,0.5,0.4,0.4,0.4,0.4,.4,0.6,.6,0.6,0.5,.5,.4,.4,.4,.4,.4,.4,.5,.5,.6,.6,.6,.5,.5,.5,.4,.3,.4,.4,.4,.5,.6,.5,0.5,.5,.5,.5,.4,.4,.3,.4,.4,.6,.6,.6,.5,.5,.4,.4,.4,.4,.3,.4,.4,.6,.5,.5,.5,0.5,.4,.4,.4,.4,.5,0.4,.4,.5,.6,.5,.5,.4,.4,.4,.4,.4,0.3,.4,.4,.4,.5,.5,.5,.4,.4,.4,.4,0.3*,0.4*,0.4*,.4,.5,.5,.5,.5,.5,.4,.4,.3,.4,.4,.3,.4,.5,.5,.52,.52,.47,.38,.37,.38,.36,.36,.39,.41,.44,.49,
¸¶»ê,¿ùÆò±Õ,,.5,0.4,0.4,0.3,0.3,0.3,0.3,0.2,0.2,.3,0.3,.4,,,,,,,,,,,,,,,,,,,,,,,,,,,,,,,,,,,,,,,,,,,,,,,,,,,,,,,,,,,,,,,,,,,,,,,,,,,,,,,,,,,,,,,,,,,,,,,,,,,,,,,,,,,,,
ÁøÁÖ,¿ùÆò±Õ,,.8,0.7,0.6,0.5,0.4,0.4,0.4,0.3,0.4,.4,0.6,.6,0.6,0.6,.6,.5,.5,.4,.5,.4,.5,.6,.5,.7,.6,.6,.6,.5,.5,.5,.4,.4,.4,.4,.6,.7,.7,0.7,.6,.6,.4,.4,.4,.3,.4,.4,.7,.7,.6,.5,.5,.5,.4,.4,.4,.4,.5,.5,.6,.5,.6,.5,0.6,.4,.5,.4,.4,.5,0.5,.5,.5,.6,.5,.5,.4,.4,.4,.4,.4,0.4,.4,0.5*,0.5*,.5,.5,.5,.5,0.5*,0.5*,0.6*,0.4**,0.5*,0.5*,.5,.5,.6,.7,.5,.5,.4,.4,.4,.5,0.5*,0.4*,.4,.5,.5,.59,.5,.54,.42,.45,.41,.43,.39,.42,.48,.48,.55,
ÁøÇØ,¿ùÆò±Õ,,.9,0.8,0.7,0.7,0.5,0.4,0.4,0.3,0.4,.4,0.4,.5,,,,,,,,,,,,,,,,,,,,,,,,,,,,,,,,,,,,,,,,,,,,,,,,,,,,,,,,,,,,,,,,,,,,,,,,,,,,,,,,,,,,,,,,,,,,,,,,,,,,,,,,,,,,,
ÇÏµ¿,¿ùÆò±Õ,,.5,0.5,0.4,0.4,0.4,0.4,0.4,0.3,0.3,.3,0.3,.3,0.4,0.5,.5,.4,.4,.4,.3,.3,.3,.3,.4,.4,.4,.4,.4,.4,.3,.3,.3,.4,.3,.4,.4,.5,.5,0.4,.5,.5,.5,.4,.4,.3,.4,.3,.4,.4,.4,.5,.4,.4,.3,.3,.3,.3,.3,.3,.4,.4,.5,.5,0.4,.3,.3,.3,,,,.3,.4,.4,.4,.4,0.4*,.4,.4,.4,.3,0.3,.3,.4,.4,.5,.5,.4,.4,.4,.4,.4,.3,.3,.3,.3,.4,.4,.5,.4,.4,.4,.4,.3,.3,.3,.3,.3,.4,.4,.42,.44,.43,.35,.35,.34,.33,.29,.3,.36,.35,.4,
±èÇØ,¿ùÆò±Õ,,.5,0.4,0.4,0.4,0.4,0.3,0.3,0.3,0.3,0.4*,0.4,.4,0.5,0.5,.4,.4,.4,.4,.4,.4,.3,.4,.5,.5,.5,.4,.5,.4,.4,.4,.3,.3,.4,.4,.5,.5,.5,0.4,.4,.4,.4,.4,.3,.3,.3,.3,.5,.5,.5,.5,.4,.4,.4,.4,.3,.3,.3,.3,.5,.5,.4,.4,0.4,.3,.3,.3,.3,.4,0.3,.3,.4,.5,.5,.5,.4,.3,.3,.3,.3,0.3,.3,0.4*,.4,.5,.5,.4,.4,.4,.4,.3,.3,.3,.3,.4,.5,.5,.5,.4,.4,.4,.4,.3,.4,.4,.4,.4,.5,.4,.48,.47,.43,.36,.34,.36,.35,.33,.36,.4,0.45*,.45,
¾ç»ê,¿ùÆò±Õ,,.7,0.5,0.6,0.4,0.3,0.3,0.3,0.3,0.3,.4,0.5,.5,0.6,0.4,.4,.3,.3,.3,.4,.4,0.4**,.5,.4,.6,.5,.5,.5,.5,.4,.4,.2,.3,.3,.3,.4,.5,.5,0.5,.6,.5,.4,.4,.3,.3,.4,.4,.5,.6,.6,.6,.5,.5,.4,.4,.4,.4,.5,.6,.6,.6,.6,.6,0.5,.4,.4,.4,.4,.4,0.4,.4,.5,.6,.6,.5,.4,.4,.4,.4,.4,0.3,.4,.5,.5,.5,.5,.5,.4,.4,.4,.4,0.4*,0.5*,0.5*,.5,.5,.5,.5,.5,.5,.4,.4,.3,.4,.4,.4,.4,.5,.4,.52,.5,.44,.41,.36,.38,.35,.36,.39,.42,.42,.46,
°ÅÁ¦,¿ùÆò±Õ,,.5,0.6,0.5,0.5,0.4,0.4,0.4,0.3,0.3,.3,0.4,.4,0.4,0.5,.4,.4,.4,.5,.4,.5,.4,.4,.5,.6,.6,.7,.4,.4,.4,.4,.4,.4,.4,.4,.5,.6,.5,0.4,.5,.5,.4,.4,.5,.5,.5,.5,.5,.6,0.5**,,.5,.5,.4,.4,.5,.5,.5,.4,.6,.5,.5,.5,0.6,.4,.5,.5,.5,.5,0.5,.4,.5,.5,.5,.4,.4,.4,.5,.4,.5,0.4,.4,.4,.4,0.5**,0.4*,.5,.5,.5,.6,.4,.4,.4,.4,.5,.6,.5,.5,.4,.4,.4,.3,.3,.3,0.4**,0.5**,0.4*,.5,.5,.55,.5,.47,.39,.38,.4,0.32*,0.30**,.44,.48,.46,.52,
»çÃµ,¿ùÆò±Õ,,.7,0.6,0.6,0.5,0.6,0.6,0.5,0.5,0.4,.4,0.5,.5,0.6,0.6,.5,.4,.5,.5,.5,.5,.5,.5,.5,.5,.5,.5,.4,.4,.4,.3,.3,.2,.2,.3,.4,.5,.5,0.5,.5,.4,.4,.4,.4,.3,.4,.4,.6,.6,.6,.6,.5,.5,.4,.4,.4,.3,.4,.4,.5,.5,.6,.5,0.4,.4,.5,.3,.2,.5,0.4,.4,.4,.4,.5,.5,.4,.4,.4,.4,.3,0.3,.3,.4,.4,0.5*,.4,.4,.4,.4,.4,.4,.3,.3,.3,.4,.5,.5,.7,.5,.5,.4,.4,.3,.4,.3,.3,.4,.5,.5,.58,.51,.46,.39,.38,.38,.34,0.37**,0.50**,0.52**,.45,.54,
¹Ð¾ç,¿ùÆò±Õ,,,,,,,,,,,,,,,,,,,,,,,,,,,,,,,,,,,,,,,,,,,,,,,,0.5**,.5,.4,.4,.3,.2,.2,.2,.2,.2,.2,.2,.3,.2,.3,.2,0.3,.3,.3,.3,.5,.3,0.2,.2,.2,.2,.3,.4,.3,.3,.2,.2,.2,0.2,.3,.4,.3,.3,.3,.2,.3,.3,.2,.2,.2,.3,.3,.4,.5,.5,.4,.3,.3,.4,.3,.3,.3,.3,.2,.3,.3,.4,.31,.33,.29,.27,.22,.2,.22,.23,.2,.27,.38,.43,
Åë¿µ,¿ùÆò±Õ,,,,,,,,,,,,,,,,,,,,,,,,,,,,,,,,,,,,,,,,,,,,,,,,0.4**,.5,.5,.4,.5,.3,.3,.2,.2,.2,.2,.3,.4,.3,.5,.5,0.4,.3,.3,.3,.2,.3,0.3,.3,.3,.4,.4,.3,.3,.3,.3,.3,.3,0.2,.2,.3,.3,.4,.4,.4,.3,.3,.3,.2,.2,.3,.3,.3,.5,.4,.5,.4,.4,.4,.5,.4,.4,.4,.4,.4,.5,.5,.56,.5,.47,.39,.37,.36,.26,.27,.35,.42,.43,.53,
°í¼º,¿ùÆò±Õ,,,,,,,,,,,,,,,,,,,,,,,,,,,,,,,,,,,,,,,,,,,,,,,,,,,,,,,,,,,,,,.6,.5,0.4,.4,.5,.4,.3,.4,0.4,.3,.4,.4,.5,.5,.4,.4,.4,.3,.3,0.3,.4,.4,.4,.5,.5,.5,.3,.3,.4,.4,.3,.3,.3,.4,.4,.4,.5,.5,.5,.5,.4,.4,.3,.3,.3,.3,.5,.4,.58,.53,.48,.4,.36,.37,.37,.42,.4,.44,.39,.48,
°ÅÃ¢,¿ùÆò±Õ,,,,,,,,,,,,,,,,,,,,,,,,,,,,,,,,,,,,,,,,,,,,,,,,,,,,,,,,,,,,,,.6,.6,0.5,.4,.3,.4,.4,.4,0.3,,.5,.5,.6,.5,.4,.4,.3,.3,.3,0.2,.3,.4,.5,.5,.4,.4,.4,.3,.3,.3,.2,.2,.2,.3,.4,.5,.6,.5,.5,.4,0.3*,0.2*,.3,.3,.2,.4,.5,.4,.47,.56,.51,.42,.38,.35,.46,.51,.41,.41,.42,.44,
ÇÔ¾È,¿ùÆò±Õ,,,,,,,,,,,,,,,,,,,,,,,,,,,,,,,,,,,,,,,,,,,,,,,,,,,,,,,,,,,,,,.6,.6,0.5,.4,.5,.5,.5,.6,0.5,,.5,.5,.5,.6,.4,.4,.3,.4,.4,0.4,.3,.4,.4,.5,.5,.5,.4,.4,.4,.4,.3,.3,.3,.3,.5,.6,.6,.6,.6,.5,.5,.6,.7,.5,.5,.3,.5,.5,.53,.55,.5,.43,.39,.37,.29,.25,.49,.48,.46,.42,
ÇÔ¾ç,¿ùÆò±Õ,,,,,,,,,,,,,,,,,,,,,,,,,,,,,,,,,,,,,,,,,,,,,,,,,,,,,,,,,,,,,,.4,.5,0.5,.4,.3,.4,.3,.4,0.4,.4,.4,.4,.5,.4,.4,.4,.4,.4,.4,0.4,.4,.3,.4,.4,.5,.4,.3,.3,.3,.3,.3,.2,.2,.3,.4,.4,.5,.4,.4,.4,.3,.4,.3,.3,.3,.3,.4,.4,.47,.44,.43,.32,.36,.27,.29,.45,.43,.33,.32,.39,
³²ÇØ,¿ùÆò±Õ,,,,,,,,,,,,,,,,,,,,,,,,,,,,,,,,,,,,,,,,,,,,,,,,,,,,,,,,,,,,,,.6,.5,0.4,.4,.4,.4,.4,.4,0.4,.4,.4,.5,.5,.5,.4,0.4*,.5,.5,.5,0.5,.4,.4,.4,.5,.5,.5,.4,.4,.4,.3,.3,.3,.3,.3,.5,.6,.6,.6,.5,.4,.4,.4,.4,.4,.4,.4,.5,.5,.55,.51,.47,.42,.39,.47,,,.46,.45,.4,.5,
»êÃ»,¿ùÆò±Õ,,,,,,,,,,,,,,,,,,,,,,,,,,,,,,,,,,,,,,,,,,,,,,,,,,,,,,,,,,,,,,,,,,,,,,,,.4,.5,.5,.4,.4,.3,.3,.3,.3,0.3,.3,.3,.4,.4,.4,.3,.3,.3,.3,.3,.2,.3,.3,.3,.4,.4,.4,.4,.4,.3,.3,.3,.3,.3,.3,.3,.4,.4,.4,.4,.41,.34,,.33,.33,.28,.29,.32,.34,.4,
ÀÇ·É,¿ùÆò±Õ,,,,,,,,,,,,,,,,,,,,,,,,,,,,,,,,,,,,,,,,,,,,,,,,,,,,,,,,,,,,,,,,,,,,,,,,.4,.5,.5,.4,.4,.3,.4,.3,.3,0.2,.3,.3,.4,.4,.4,.4,.3,.3,.3,.3,.2,.3,.3,.3,.4,.4,.4,.4,.4,.3,.3,.3,.3,.3,.3,.3,.4,.4,.42,.39,.38,.32,.31,.31,.3,.26,.3,.35,.36,.42,
Ã¢³ç,¿ùÆò±Õ,,,,,,,,,,,,,,,,,,,,,,,,,,,,,,,,,,,,,,,,,,,,,,,,,,,,,,,,,,,,,,,,,,,,,,,,.4,.5,.5,.4,.4,.4,.3,.3,.3,0.3,.3,.4,.4,.4,.4,.4,.4,.3,.3,.3,.3,.3,.3,.3,.4,.4,.5,.4,.4,.4,.4,.3,.3,.3,.3,.3,.4,.4,.44,.43,.41,.34,.33,.33,.31,.28,.31,.35,.37,.43,
ÇÕÃµ,¿ùÆò±Õ,,,,,,,,,,,,,,,,,,,,,,,,,,,,,,,,,,,,,,,,,,,,,,,,,,,,,,,,,,,,,,,,,,,,,,,,.3,.5,.5,.4,.4,.4,.3,.3,.3,0.2,.3,.3,.3,.4,.4,.4,.3,.3,.3,.3,0.2**,,,.3,.4,.4,.4,.4,.4,.3,.3,.3,.3,.3,.3,.3,.4,.4,.41,.39,.39,.34,.32,.32,.31,.28,.29,.32,.34,.39,
µµÆò±Õ,¿ùÆò±Õ,,.7,0.6,0.5,0.5,0.4,0.4,0.4,0.3,0.3,.4,0.5,.5,0.6,0.5,.5,.4,.4,.4,.4,.4,.4,.5,.5,.6,.6,.5,.5,.5,.4,.4,.3,.4,.4,.4,.5,.6,.5,0.5,.5,.5,.4,.4,.4,.3,.4,.4,.5,.6,.6,.5,.5,.4,.4,.4,.4,.3,.4,.4,.5,.5,.5,.5,0.5,.4,.4,.4,.4,.4,0.4,.4,.4,.5,.5,.5,.4,.4,.4,.4,.3,0.3,.4,.4,.4,.5,.5,.5,.4,.4,.4,.4,.3,.4,.4,.4,.5,.5,.5,.5,.5,.4,.4,.3,.4,.4,.3,.4,.5,.4,.51,.49,.46,.38,.37,.37,.35,.34,.38,.41,.42,.48,
Á¦ÁÖ,¿ùÆò±Õ,,.5,0.4,0.6,0.4,0.4,0.4,0.3,0.4,0.3,.2,0.3,.3,0.3,0.4,.4,.4,.4,.4,.3,.4,.3,.3,.5,.5,.4,.3,.3,.3,.4,.4,.4,.4,.3,.3,.3,.3,.3,0.3,.3,.3,.3,.3,.3,.4,0.3*,.2,.3,.3,.3,.3,.4,.3,.3,.2,.2,.2,.2,.2,.3,.4,.5,.5,0.4,.3,.3,.3,.3,.3,0.2,.2,.3,.4,.4,.5,.4,.4,.4,.3,.2,0.2,.3,.3,.3,.4,.3,.3,.3,.3,.3,.3,.2,.2,.2,.3,.3,.3,.3,.3,.3,.3,.2,.2,.2,.2,.2,.2,.3,.3,.32,.34,.33,.28,.24,.22,.22,.3,.26,.24,.26,.32,
¼­±ÍÆ÷,¿ùÆò±Õ,,.4,0.4,0.4,0.3,0.3,0.3,0.3,0.2,0.2,.2,0.3,.3,0.3,0.4,.3,.3,.2,.2,.3,.4,.3,.3,.3,.4,.4,.3,.3,.2,.2,.3,.3,.3,.3,.3,.3,.2,.3,0.3,.3,.3,.2,.3,.3,.3,.3,.2,.2,.2,.3,.4,.4,.3,.2,.2,.1,.1,.2,.2,.2,.2,.3,.3,0.3,.3,.3,.2,.2,.2,0.1,.2,.3,.3,.3,.3,.3,.3,.3,.2,.2,0.2,.2,.2,.3,.3,.3,.3,.3,.3,.3,.2,.2,.2,.2,.3,.3,.3,.3,.3,.3,.2,.2,.2,.3,.3,.3,.2,.3,.3,.31,.34,.38,.3,.24,.22,.26,.28,.27,.27,.26,.31,
µµÆò±Õ,¿ùÆò±Õ,,.4,0.4,0.5,0.3,0.4,0.3,0.3,0.4,0.3,.2,0.3,.3,0.3,0.4,.4,.4,.3,.3,.3,.4,.3,.3,.4,.4,.4,.3,.3,.3,.3,.4,.4,.3,.3,.3,.3,.3,.3,0.3,.3,.3,.3,.3,.3,.4,.3,.2,.2,.3,.3,.3,.4,.3,.2,.2,.2,.2,.2,.2,.3,.3,.4,.4,0.3,.3,.3,.2,.2,.2,0.2,.2,.3,.3,.4,.4,.3,.3,.3,.3,.2,0.2,.3,.3,.3,.3,.3,.3,.3,.3,.3,.3,.2,.2,.2,.3,.3,.3,.3,.3,.3,.3,.2,.2,.2,.3,.2,.2,.3,.3,.31,.34,.35,.29,.24,.22,.24,.29,.27,.26,.26,.31,
